timestamp_registro,timestamp_medición,region_id,region_name,hoy,ayer,semana_anterior,porcentaje_ayer,porcentaje_semana,nivel_alerta
2025-06-24 15:25:37,2025-06-24 12:15:00,2426,Misiones,324.0,330.0,298.0,1.8,-8.7,PROVINCIA
2025-06-24 15:25:38,2025-06-24 12:20:00,1893,Corrientes,405.0,397.0,273.0,-2.0,-48.4,PROVINCIA
2025-06-24 15:25:39,2025-06-24 12:20:00,1892,Chaco,416.0,388.0,335.0,-7.2,-24.2,PROVINCIA
2025-06-24 15:25:40,2025-06-24 12:20:00,1886,Formosa,172.0,160.0,163.0,-7.5,-5.5,PROVINCIA
2025-06-24 15:25:41,2025-06-24 12:20:00,1937,Jujuy,133.0,168.0,141.0,20.8,5.7,PROVINCIA
2025-06-24 15:25:41,2025-06-24 12:20:00,1933,Salta,369.0,353.0,293.0,-4.5,-25.9,PROVINCIA
2025-06-24 15:25:42,2025-06-24 12:20:00,1936,Tucumán,461.0,499.0,438.0,7.6,-5.3,PROVINCIA
2025-06-24 15:25:43,2025-06-24 12:20:00,1938,Catamarca,189.0,174.0,156.0,-8.6,-21.2,PROVINCIA
2025-06-24 15:25:44,2025-06-24 12:20:00,1905,Santiago del Estero,282.0,286.0,245.0,1.4,-15.1,PROVINCIA
2025-06-24 15:25:45,2025-06-24 12:20:00,1910,La Rioja,233.0,212.0,187.0,-9.9,-24.6,PROVINCIA
2025-06-24 15:25:45,2025-06-24 12:15:00,1077,Edenor,4712.0,4936.0,4156.0,4.5,-13.4,PROVINCIA
2025-06-24 15:25:46,2025-06-24 12:20:00,1078,Edesur,3721.0,3974.0,3389.0,6.4,-9.8,PROVINCIA
2025-06-24 15:25:47,2025-06-24 12:20:00,1943,Edelap,570.0,617.0,533.0,7.6,-6.9,PROVINCIA
2025-06-24 15:25:48,2025-06-24 12:20:00,1944,San Luis,235.0,250.0,208.0,6.0,-13.0,PROVINCIA
2025-06-24 15:25:49,2025-06-24 12:20:00,1945,Córdoba,1743.0,1758.0,1546.0,0.9,-12.7,PROVINCIA
2025-06-24 15:25:49,2025-06-24 12:20:00,2543,Chubut,691.0,694.0,587.0,0.4,-17.7,PROVINCIA
2025-06-24 15:25:50,2025-06-24 12:20:00,2542,Santa Cruz,169.0,193.0,218.0,12.4,22.5,PROVINCIA
2025-06-24 15:25:51,2025-06-24 12:20:00,2540,Santa Fe,2005.0,1940.0,1750.0,-3.4,-14.6,PROVINCIA
2025-06-24 15:25:52,2025-06-24 12:20:00,2541,Entre Ríos,527.0,522.0,485.0,-1.0,-8.7,PROVINCIA
2025-06-24 15:25:53,2025-06-24 12:20:00,2525,Río Negro,232.0,224.0,250.0,-3.6,7.2,PROVINCIA
2025-06-24 15:25:54,2025-06-24 12:20:00,427,La Pampa,185.0,185.0,183.0,0.0,-1.1,PROVINCIA
2025-06-24 15:25:54,2025-06-24 12:20:00,2528,Neuquén,376.0,377.0,414.0,0.3,9.2,PROVINCIA
2025-06-24 15:25:55,2025-06-24 12:20:00,425,Provincia de Buenos Aires,2794.0,2967.0,2584.0,5.8,-8.1,REGION
2025-06-24 15:25:56,2025-06-24 12:20:00,1922,San Juan,338.0,338.0,319.0,0.0,-6.0,PROVINCIA
2025-06-24 15:25:57,2025-06-24 12:20:00,1946,Mendoza,750.0,755.0,710.0,0.7,-5.6,PROVINCIA
2025-06-24 15:25:57,2025-06-24 12:20:00,418,NEA,1328.0,1369.0,1078.0,3.0,-23.2,REGION
2025-06-24 15:25:58,2025-06-24 12:20:00,419,NOA,1701.0,1735.0,1497.0,2.0,-13.6,REGION
2025-06-24 15:25:59,2025-06-24 12:20:00,426,GBA,9236.0,9750.0,8278.0,5.3,-11.6,REGION
2025-06-24 15:26:00,2025-06-24 12:20:00,422,Centro,1983.0,2014.0,1757.0,1.5,-12.9,REGION
2025-06-24 15:26:01,2025-06-24 12:20:00,111,Patagonia,877.0,898.0,770.0,2.3,-13.9,REGION
2025-06-24 15:26:01,2025-06-24 12:20:00,417,Litoral,2532.0,2462.0,2236.0,-2.8,-13.2,REGION
2025-06-24 15:26:03,2025-06-24 12:20:00,420,Comahue,792.0,822.0,850.0,3.6,6.8,REGION
2025-06-24 15:26:04,2025-06-24 12:20:00,429,Cuyo,1090.0,1095.0,1033.0,0.5,-5.5,REGION
2025-06-24 15:26:05,2025-06-24 12:20:00,1002,Total del SADI,22626.0,23367.0,20377.0,3.2,-11.0,PAIS
2025-06-24 15:26:05 - Registro único
2025-06-24 15:40:01,2025-06-24 12:35:00,2426,Misiones,319.0,321.0,285.0,0.6,-11.9,PROVINCIA
2025-06-24 15:40:02,2025-06-24 12:35:00,1893,Corrientes,402.0,389.0,271.0,-3.3,-48.3,PROVINCIA
2025-06-24 15:40:04,2025-06-24 12:35:00,1892,Chaco,408.0,393.0,332.0,-3.8,-22.9,PROVINCIA
2025-06-24 15:40:05,2025-06-24 12:35:00,1886,Formosa,169.0,160.0,161.0,-5.6,-5.0,PROVINCIA
2025-06-24 15:40:06,2025-06-24 12:35:00,1937,Jujuy,138.0,165.0,137.0,16.4,-0.7,PROVINCIA
2025-06-24 15:40:07,2025-06-24 12:35:00,1933,Salta,357.0,353.0,296.0,-1.1,-20.6,PROVINCIA
2025-06-24 15:40:08,2025-06-24 12:35:00,1936,Tucumán,459.0,499.0,441.0,8.0,-4.1,PROVINCIA
2025-06-24 15:40:09,2025-06-24 12:35:00,1938,Catamarca,191.0,174.0,153.0,-9.8,-24.8,PROVINCIA
2025-06-24 15:40:09,2025-06-24 12:35:00,1905,Santiago del Estero,281.0,290.0,248.0,3.1,-13.3,PROVINCIA
2025-06-24 15:40:10,2025-06-24 12:35:00,1910,La Rioja,233.0,215.0,189.0,-8.4,-23.3,PROVINCIA
2025-06-24 15:40:11,2025-06-24 12:30:00,1077,Edenor,4688.0,4926.0,4142.0,4.8,-13.2,PROVINCIA
2025-06-24 15:40:12,2025-06-24 12:35:00,1078,Edesur,3722.0,3937.0,3405.0,5.5,-9.3,PROVINCIA
2025-06-24 15:40:13,2025-06-24 12:35:00,1943,Edelap,581.0,614.0,539.0,5.4,-7.8,PROVINCIA
2025-06-24 15:40:14,2025-06-24 12:35:00,1944,San Luis,230.0,248.0,205.0,7.3,-12.2,PROVINCIA
2025-06-24 15:40:15,2025-06-24 12:35:00,1945,Córdoba,1713.0,1756.0,1532.0,2.4,-11.8,PROVINCIA
2025-06-24 15:40:16,2025-06-24 12:35:00,2543,Chubut,688.0,689.0,689.0,0.1,0.1,PROVINCIA
2025-06-24 15:40:16,2025-06-24 12:35:00,2542,Santa Cruz,160.0,193.0,215.0,17.1,25.6,PROVINCIA
2025-06-24 15:40:18,2025-06-24 12:35:00,2540,Santa Fe,1995.0,1931.0,1727.0,-3.3,-15.5,PROVINCIA
2025-06-24 15:40:19,2025-06-24 12:35:00,2541,Entre Ríos,522.0,521.0,489.0,-0.2,-6.7,PROVINCIA
2025-06-24 15:40:20,2025-06-24 12:35:00,2525,Río Negro,230.0,226.0,248.0,-1.8,7.3,PROVINCIA
2025-06-24 15:40:21,2025-06-24 12:35:00,427,La Pampa,179.0,191.0,166.0,6.3,-7.8,PROVINCIA
2025-06-24 15:40:21,2025-06-24 12:35:00,2528,Neuquén,372.0,377.0,409.0,1.3,9.0,PROVINCIA
2025-06-24 15:40:22,2025-06-24 12:30:00,425,Provincia de Buenos Aires,2827.0,2843.0,2580.0,0.6,-9.6,REGION
2025-06-24 15:40:23,2025-06-24 12:35:00,1922,San Juan,335.0,336.0,323.0,0.3,-3.7,PROVINCIA
2025-06-24 15:40:24,2025-06-24 12:35:00,1946,Mendoza,741.0,748.0,715.0,0.9,-3.6,PROVINCIA
2025-06-24 15:40:25,2025-06-24 12:35:00,418,NEA,1306.0,1358.0,1061.0,3.8,-23.1,REGION
2025-06-24 15:40:25,2025-06-24 12:35:00,419,NOA,1690.0,1748.0,1500.0,3.3,-12.7,REGION
2025-06-24 15:40:26,2025-06-24 12:35:00,426,GBA,9217.0,9702.0,8281.0,5.0,-11.3,REGION
2025-06-24 15:40:27,2025-06-24 12:35:00,422,Centro,1954.0,2012.0,1744.0,2.9,-12.0,REGION
2025-06-24 15:40:28,2025-06-24 12:35:00,111,Patagonia,880.0,893.0,872.0,1.5,-0.9,REGION
2025-06-24 15:40:29,2025-06-24 12:35:00,417,Litoral,2517.0,2452.0,2218.0,-2.7,-13.5,REGION
2025-06-24 15:40:29,2025-06-24 12:35:00,420,Comahue,778.0,820.0,830.0,5.1,6.3,REGION
2025-06-24 15:40:30,2025-06-24 12:35:00,429,Cuyo,1080.0,1088.0,1041.0,0.7,-3.7,REGION
2025-06-24 15:40:31,2025-06-24 12:35:00,1002,Total del SADI,22531.0,23239.0,20329.0,3.0,-10.8,PAIS
2025-06-24 15:40:31 - Registro único
2025-06-24 15:51:17,2025-06-24 12:45:00,2426,Misiones,316.0,324.0,283.0,2.5,-11.7,PROVINCIA
2025-06-24 15:51:18,2025-06-24 12:45:00,1893,Corrientes,392.0,391.0,277.0,-0.3,-41.5,PROVINCIA
2025-06-24 15:51:18,2025-06-24 12:45:00,1892,Chaco,402.0,433.0,335.0,7.2,-20.0,PROVINCIA
2025-06-24 15:51:19,2025-06-24 12:45:00,1886,Formosa,166.0,156.0,161.0,-6.4,-3.1,PROVINCIA
2025-06-24 15:51:20,2025-06-24 12:45:00,1937,Jujuy,140.0,164.0,135.0,14.6,-3.7,PROVINCIA
2025-06-24 15:51:21,2025-06-24 12:45:00,1933,Salta,358.0,358.0,296.0,0.0,-20.9,PROVINCIA
2025-06-24 15:51:22,2025-06-24 12:45:00,1936,Tucumán,454.0,503.0,437.0,9.7,-3.9,PROVINCIA
2025-06-24 15:51:22,2025-06-24 12:45:00,1938,Catamarca,188.0,174.0,156.0,-8.0,-20.5,PROVINCIA
2025-06-24 15:51:23,2025-06-24 12:45:00,1905,Santiago del Estero,287.0,278.0,243.0,-3.2,-18.1,PROVINCIA
2025-06-24 15:51:24,2025-06-24 12:45:00,1910,La Rioja,233.0,221.0,190.0,-5.4,-22.6,PROVINCIA
2025-06-24 15:51:25,2025-06-24 12:45:00,1077,Edenor,4649.0,4923.0,4135.0,5.6,-12.4,PROVINCIA
2025-06-24 15:51:25,2025-06-24 12:45:00,1078,Edesur,3694.0,3921.0,3395.0,5.8,-8.8,PROVINCIA
2025-06-24 15:51:26,2025-06-24 12:45:00,1943,Edelap,574.0,614.0,535.0,6.5,-7.3,PROVINCIA
2025-06-24 15:51:27,2025-06-24 12:45:00,1944,San Luis,233.0,251.0,203.0,7.2,-14.8,PROVINCIA
2025-06-24 15:51:28,2025-06-24 12:45:00,1945,Córdoba,1702.0,1748.0,1523.0,2.6,-11.8,PROVINCIA
2025-06-24 15:51:29,2025-06-24 12:45:00,2543,Chubut,698.0,688.0,680.0,-1.5,-2.6,PROVINCIA
2025-06-24 15:51:29,2025-06-24 12:45:00,2542,Santa Cruz,151.0,196.0,216.0,23.0,30.1,PROVINCIA
2025-06-24 15:51:31,2025-06-24 12:45:00,2540,Santa Fe,1981.0,2031.0,1726.0,2.5,-14.8,PROVINCIA
2025-06-24 15:51:32,2025-06-24 12:45:00,2541,Entre Ríos,529.0,516.0,483.0,-2.5,-9.5,PROVINCIA
2025-06-24 15:51:32,2025-06-24 12:45:00,2525,Río Negro,231.0,220.0,248.0,-5.0,6.9,PROVINCIA
2025-06-24 15:51:33,2025-06-24 12:45:00,427,La Pampa,181.0,189.0,176.0,4.2,-2.8,PROVINCIA
2025-06-24 15:51:34,2025-06-24 12:45:00,2528,Neuquén,368.0,374.0,415.0,1.6,11.3,PROVINCIA
2025-06-24 15:51:35,2025-06-24 12:45:00,425,Provincia de Buenos Aires,2826.0,2868.0,2474.0,1.5,-14.2,REGION
2025-06-24 15:51:35,2025-06-24 12:45:00,1922,San Juan,332.0,334.0,318.0,0.6,-4.4,PROVINCIA
2025-06-24 15:51:36,2025-06-24 12:45:00,1946,Mendoza,741.0,744.0,705.0,0.4,-5.1,PROVINCIA
2025-06-24 15:51:37,2025-06-24 12:45:00,418,NEA,1286.0,1393.0,1067.0,7.7,-20.5,REGION
2025-06-24 15:51:38,2025-06-24 12:45:00,419,NOA,1687.0,1753.0,1494.0,3.8,-12.9,REGION
2025-06-24 15:51:38,2025-06-24 12:45:00,426,GBA,9151.0,9690.0,8269.0,5.6,-10.7,REGION
2025-06-24 15:51:39,2025-06-24 12:45:00,422,Centro,1942.0,2005.0,1730.0,3.1,-12.3,REGION
2025-06-24 15:51:40,2025-06-24 12:45:00,111,Patagonia,886.0,888.0,861.0,0.2,-2.9,REGION
2025-06-24 15:51:41,2025-06-24 12:45:00,417,Litoral,2511.0,2546.0,2210.0,1.4,-13.6,REGION
2025-06-24 15:51:41,2025-06-24 12:45:00,420,Comahue,777.0,815.0,840.0,4.7,7.5,REGION
2025-06-24 15:51:42,2025-06-24 12:45:00,429,Cuyo,1077.0,1082.0,1025.0,0.5,-5.1,REGION
2025-06-24 15:51:43,2025-06-24 12:45:00,1002,Total del SADI,22462.0,23271.0,20262.0,3.5,-10.9,PAIS
2025-06-24 15:51:43 - Registro único
2025-06-24 15:58:12,2025-06-24 12:55:00,2426,Misiones,313.0,320.0,285.0,2.2,-9.8,PROVINCIA
2025-06-24 15:58:13,2025-06-24 12:50:00,1893,Corrientes,390.0,396.0,259.0,1.5,-50.6,PROVINCIA
2025-06-24 15:58:14,2025-06-24 12:50:00,1892,Chaco,400.0,412.0,329.0,2.9,-21.6,PROVINCIA
2025-06-24 15:58:15,2025-06-24 12:50:00,1886,Formosa,166.0,156.0,161.0,-6.4,-3.1,PROVINCIA
2025-06-24 15:58:16,2025-06-24 12:55:00,1937,Jujuy,140.0,164.0,143.0,14.6,2.1,PROVINCIA
2025-06-24 15:58:17,2025-06-24 12:55:00,1933,Salta,356.0,351.0,285.0,-1.4,-24.9,PROVINCIA
2025-06-24 15:58:18,2025-06-24 12:55:00,1936,Tucumán,449.0,502.0,440.0,10.6,-2.0,PROVINCIA
2025-06-24 15:58:19,2025-06-24 12:55:00,1938,Catamarca,189.0,172.0,155.0,-9.9,-21.9,PROVINCIA
2025-06-24 15:58:19,2025-06-24 12:55:00,1905,Santiago del Estero,277.0,283.0,248.0,2.1,-11.7,PROVINCIA
2025-06-24 15:58:20,2025-06-24 12:50:00,1910,La Rioja,233.0,217.0,191.0,-7.4,-22.0,PROVINCIA
2025-06-24 15:58:21,2025-06-24 12:50:00,1077,Edenor,4630.0,4915.0,4120.0,5.8,-12.4,PROVINCIA
2025-06-24 15:58:22,2025-06-24 12:50:00,1078,Edesur,3683.0,3921.0,3395.0,6.1,-8.5,PROVINCIA
2025-06-24 15:58:23,2025-06-24 12:55:00,1943,Edelap,557.0,626.0,537.0,11.0,-3.7,PROVINCIA
2025-06-24 15:58:23,2025-06-24 12:55:00,1944,San Luis,228.0,251.0,199.0,9.2,-14.6,PROVINCIA
2025-06-24 15:58:24,2025-06-24 12:55:00,1945,Córdoba,1697.0,1736.0,1519.0,2.2,-11.7,PROVINCIA
2025-06-24 15:58:25,2025-06-24 12:55:00,2543,Chubut,678.0,694.0,659.0,2.3,-2.9,PROVINCIA
2025-06-24 15:58:26,2025-06-24 12:55:00,2542,Santa Cruz,157.0,195.0,200.0,19.5,21.5,PROVINCIA
2025-06-24 15:58:28,2025-06-24 12:55:00,2540,Santa Fe,1887.0,1995.0,1823.0,5.4,-3.5,PROVINCIA
2025-06-24 15:58:28,2025-06-24 12:55:00,2541,Entre Ríos,522.0,516.0,479.0,-1.2,-9.0,PROVINCIA
2025-06-24 15:58:29,2025-06-24 12:55:00,2525,Río Negro,236.0,221.0,244.0,-6.8,3.3,PROVINCIA
2025-06-24 15:58:30,2025-06-24 12:55:00,427,La Pampa,159.0,183.0,180.0,13.1,11.7,PROVINCIA
2025-06-24 15:58:31,2025-06-24 12:55:00,2528,Neuquén,376.0,371.0,412.0,-1.3,8.7,PROVINCIA
2025-06-24 15:58:32,2025-06-24 12:50:00,425,Provincia de Buenos Aires,2749.0,2840.0,2542.0,3.2,-8.1,REGION
2025-06-24 15:58:33,2025-06-24 12:55:00,1922,San Juan,330.0,333.0,318.0,0.9,-3.8,PROVINCIA
2025-06-24 15:58:34,2025-06-24 12:55:00,1946,Mendoza,742.0,736.0,706.0,-0.8,-5.1,PROVINCIA
2025-06-24 15:58:34,2025-06-24 12:50:00,418,NEA,1281.0,1382.0,1053.0,7.3,-21.7,REGION
2025-06-24 15:58:35,2025-06-24 12:50:00,419,NOA,1674.0,1743.0,1497.0,4.0,-11.8,REGION
2025-06-24 15:58:36,2025-06-24 12:50:00,426,GBA,9104.0,9684.0,8229.0,6.0,-10.6,REGION
2025-06-24 15:58:37,2025-06-24 12:50:00,422,Centro,1936.0,1999.0,1737.0,3.2,-11.5,REGION
2025-06-24 15:58:38,2025-06-24 12:50:00,111,Patagonia,863.0,887.0,863.0,2.7,0.0,REGION
2025-06-24 15:58:39,2025-06-24 12:50:00,417,Litoral,2487.0,2532.0,2313.0,1.8,-7.5,REGION
2025-06-24 15:58:40,2025-06-24 12:50:00,420,Comahue,761.0,817.0,831.0,6.9,8.4,REGION
2025-06-24 15:58:41,2025-06-24 12:50:00,429,Cuyo,1077.0,1082.0,1030.0,0.5,-4.6,REGION
2025-06-24 15:58:41,2025-06-24 12:50:00,1002,Total del SADI,22243.0,23223.0,20365.0,4.2,-9.2,PAIS
2025-06-24 15:58:41 - Registro único
2025-06-24 16:24:42,2025-06-24 13:20:00,2426,Misiones,315.0,321.0,283.0,1.9,-11.3,PROVINCIA
2025-06-24 16:24:43,2025-06-24 13:20:00,1893,Corrientes,399.0,395.0,265.0,-1.0,-50.6,PROVINCIA
2025-06-24 16:24:44,2025-06-24 13:15:00,1892,Chaco,391.0,396.0,325.0,1.3,-20.3,PROVINCIA
2025-06-24 16:24:45,2025-06-24 13:20:00,1886,Formosa,161.0,153.0,158.0,-5.2,-1.9,PROVINCIA
2025-06-24 16:24:46,2025-06-24 13:15:00,1937,Jujuy,135.0,158.0,130.0,14.6,-3.8,PROVINCIA
2025-06-24 16:24:47,2025-06-24 13:15:00,1933,Salta,351.0,356.0,298.0,1.4,-17.8,PROVINCIA
2025-06-24 16:24:47,2025-06-24 13:15:00,1936,Tucumán,436.0,493.0,431.0,11.6,-1.2,PROVINCIA
2025-06-24 16:24:48,2025-06-24 13:15:00,1938,Catamarca,184.0,171.0,152.0,-7.6,-21.1,PROVINCIA
2025-06-24 16:24:49,2025-06-24 13:15:00,1905,Santiago del Estero,272.0,268.0,234.0,-1.5,-16.2,PROVINCIA
2025-06-24 16:24:50,2025-06-24 13:15:00,1910,La Rioja,230.0,226.0,191.0,-1.8,-20.4,PROVINCIA
2025-06-24 16:24:50,2025-06-24 13:15:00,1077,Edenor,4613.0,4890.0,4097.0,5.7,-12.6,PROVINCIA
2025-06-24 16:24:51,2025-06-24 13:15:00,1078,Edesur,3626.0,3930.0,3395.0,7.7,-6.8,PROVINCIA
2025-06-24 16:24:52,2025-06-24 13:15:00,1943,Edelap,575.0,613.0,541.0,6.2,-6.3,PROVINCIA
2025-06-24 16:24:53,2025-06-24 13:15:00,1944,San Luis,223.0,244.0,199.0,8.6,-12.1,PROVINCIA
2025-06-24 16:24:54,2025-06-24 13:20:00,1945,Córdoba,1649.0,1715.0,1494.0,3.8,-10.4,PROVINCIA
2025-06-24 16:24:54,2025-06-24 13:15:00,2543,Chubut,689.0,679.0,676.0,-1.5,-1.9,PROVINCIA
2025-06-24 16:24:55,2025-06-24 13:15:00,2542,Santa Cruz,148.0,175.0,202.0,15.4,26.7,PROVINCIA
2025-06-24 16:24:57,2025-06-24 13:15:00,2540,Santa Fe,1872.0,1900.0,1812.0,1.5,-3.3,PROVINCIA
2025-06-24 16:24:57,2025-06-24 13:15:00,2541,Entre Ríos,506.0,521.0,487.0,2.9,-3.9,PROVINCIA
2025-06-24 16:24:58,2025-06-24 13:15:00,2525,Río Negro,234.0,220.0,243.0,-6.4,3.7,PROVINCIA
2025-06-24 16:24:59,2025-06-24 13:15:00,427,La Pampa,176.0,176.0,176.0,0.0,0.0,PROVINCIA
2025-06-24 16:25:00,2025-06-24 13:15:00,2528,Neuquén,373.0,366.0,395.0,-1.9,5.6,PROVINCIA
2025-06-24 16:25:01,2025-06-24 13:20:00,425,Provincia de Buenos Aires,2723.0,2864.0,2515.0,4.9,-8.3,REGION
2025-06-24 16:25:03,2025-06-24 13:15:00,1922,San Juan,323.0,327.0,314.0,1.2,-2.9,PROVINCIA
2025-06-24 16:25:03,2025-06-24 13:15:00,1946,Mendoza,735.0,734.0,703.0,-0.1,-4.6,PROVINCIA
2025-06-24 16:25:04,2025-06-24 13:15:00,418,NEA,1265.0,1342.0,1055.0,5.7,-19.9,REGION
2025-06-24 16:25:05,2025-06-24 13:15:00,419,NOA,1634.0,1720.0,1467.0,5.0,-11.4,REGION
2025-06-24 16:25:06,2025-06-24 13:15:00,426,GBA,9039.0,9654.0,8229.0,6.4,-9.8,REGION
2025-06-24 16:25:07,2025-06-24 13:15:00,422,Centro,1878.0,1968.0,1700.0,4.6,-10.5,REGION
2025-06-24 16:25:07,2025-06-24 13:15:00,111,Patagonia,879.0,879.0,856.0,0.0,-2.7,REGION
2025-06-24 16:25:08,2025-06-24 13:15:00,417,Litoral,2379.0,2421.0,2302.0,1.7,-3.3,REGION
2025-06-24 16:25:09,2025-06-24 13:15:00,420,Comahue,755.0,790.0,808.0,4.4,6.6,REGION
2025-06-24 16:25:10,2025-06-24 13:15:00,429,Cuyo,1063.0,1063.0,1018.0,0.0,-4.4,REGION
2025-06-24 16:25:11,2025-06-24 13:15:00,1002,Total del SADI,21938.0,23025.0,20211.0,4.7,-8.5,PAIS
2025-06-24 16:25:11 - Registro único
2025-06-24 16:47:00,2025-06-24 13:40:00,2426,Misiones,315.0,322.0,291.0,2.2,-8.2,PROVINCIA
2025-06-24 16:47:00,2025-06-24 13:40:00,1893,Corrientes,399.0,388.0,264.0,-2.8,-51.1,PROVINCIA
2025-06-24 16:47:01,2025-06-24 13:40:00,1892,Chaco,391.0,415.0,321.0,5.8,-21.8,PROVINCIA
2025-06-24 16:47:02,2025-06-24 13:40:00,1886,Formosa,160.0,152.0,156.0,-5.3,-2.6,PROVINCIA
2025-06-24 16:47:03,2025-06-24 13:40:00,1937,Jujuy,133.0,160.0,123.0,16.9,-8.1,PROVINCIA
2025-06-24 16:47:04,2025-06-24 13:40:00,1933,Salta,343.0,350.0,302.0,2.0,-13.6,PROVINCIA
2025-06-24 16:47:05,2025-06-24 13:40:00,1936,Tucumán,432.0,488.0,423.0,11.5,-2.1,PROVINCIA
2025-06-24 16:47:06,2025-06-24 13:40:00,1938,Catamarca,183.0,169.0,150.0,-8.3,-22.0,PROVINCIA
2025-06-24 16:47:06,2025-06-24 13:40:00,1905,Santiago del Estero,270.0,265.0,228.0,-1.9,-18.4,PROVINCIA
2025-06-24 16:47:07,2025-06-24 13:40:00,1910,La Rioja,228.0,224.0,191.0,-1.8,-19.4,PROVINCIA
2025-06-24 16:47:08,2025-06-24 13:45:00,1077,Edenor,4569.0,4891.0,4068.0,6.6,-12.3,PROVINCIA
2025-06-24 16:47:09,2025-06-24 13:40:00,1078,Edesur,3617.0,3926.0,3405.0,7.9,-6.2,PROVINCIA
2025-06-24 16:47:10,2025-06-24 13:40:00,1943,Edelap,555.0,617.0,535.0,10.0,-3.7,PROVINCIA
2025-06-24 16:47:11,2025-06-24 13:40:00,1944,San Luis,221.0,244.0,200.0,9.4,-10.5,PROVINCIA
2025-06-24 16:47:12,2025-06-24 13:40:00,1945,Córdoba,1630.0,1696.0,1472.0,3.9,-10.7,PROVINCIA
2025-06-24 16:47:13,2025-06-24 13:40:00,2543,Chubut,681.0,681.0,652.0,0.0,-4.4,PROVINCIA
2025-06-24 16:47:13,2025-06-24 13:40:00,2542,Santa Cruz,152.0,171.0,199.0,11.1,23.6,PROVINCIA
2025-06-24 16:47:15,2025-06-24 13:40:00,2540,Santa Fe,1870.0,2007.0,1794.0,6.8,-4.2,PROVINCIA
2025-06-24 16:47:16,2025-06-24 13:40:00,2541,Entre Ríos,515.0,517.0,490.0,0.4,-5.1,PROVINCIA
2025-06-24 16:47:17,2025-06-24 13:40:00,2525,Río Negro,233.0,218.0,240.0,-6.9,2.9,PROVINCIA
2025-06-24 16:47:18,2025-06-24 13:40:00,427,La Pampa,159.0,175.0,183.0,9.1,13.1,PROVINCIA
2025-06-24 16:47:18,2025-06-24 13:40:00,2528,Neuquén,380.0,364.0,395.0,-4.4,3.8,PROVINCIA
2025-06-24 16:47:19,2025-06-24 13:40:00,425,Provincia de Buenos Aires,2698.0,2830.0,2529.0,4.7,-6.7,REGION
2025-06-24 16:47:20,2025-06-24 13:40:00,1922,San Juan,316.0,325.0,311.0,2.8,-1.6,PROVINCIA
2025-06-24 16:47:21,2025-06-24 13:40:00,1946,Mendoza,734.0,734.0,691.0,0.0,-6.2,PROVINCIA
2025-06-24 16:47:22,2025-06-24 13:45:00,418,NEA,1271.0,1357.0,1034.0,6.3,-22.9,REGION
2025-06-24 16:47:23,2025-06-24 13:40:00,419,NOA,1611.0,1698.0,1449.0,5.1,-11.2,REGION
2025-06-24 16:47:24,2025-06-24 13:40:00,426,GBA,8968.0,9671.0,8213.0,7.3,-9.2,REGION
2025-06-24 16:47:25,2025-06-24 13:40:00,422,Centro,1857.0,1945.0,1675.0,4.5,-10.9,REGION
2025-06-24 16:47:26,2025-06-24 13:40:00,111,Patagonia,884.0,878.0,830.0,-0.7,-6.5,REGION
2025-06-24 16:47:27,2025-06-24 13:40:00,417,Litoral,2384.0,2527.0,2285.0,5.7,-4.3,REGION
2025-06-24 16:47:27,2025-06-24 13:40:00,420,Comahue,754.0,764.0,813.0,1.3,7.3,REGION
2025-06-24 16:47:28,2025-06-24 13:40:00,429,Cuyo,1053.0,1062.0,1005.0,0.8,-4.8,REGION
2025-06-24 16:47:29,2025-06-24 13:40:00,1002,Total del SADI,21725.0,22921.0,20091.0,5.2,-8.1,PAIS
2025-06-24 16:47:29 - Registro único
2025-06-24 16:59:10,2025-06-24 13:55:00,2426,Misiones,307.0,320.0,283.0,4.1,-8.5,PROVINCIA
2025-06-24 16:59:11,2025-06-24 13:55:00,1893,Corrientes,381.0,392.0,262.0,2.8,-45.4,PROVINCIA
2025-06-24 16:59:12,2025-06-24 13:55:00,1892,Chaco,384.0,365.0,319.0,-5.2,-20.4,PROVINCIA
2025-06-24 16:59:13,2025-06-24 13:55:00,1886,Formosa,156.0,150.0,156.0,-4.0,0.0,PROVINCIA
2025-06-24 16:59:14,2025-06-24 13:55:00,1937,Jujuy,132.0,164.0,123.0,19.5,-7.3,PROVINCIA
2025-06-24 16:59:15,2025-06-24 13:55:00,1933,Salta,338.0,345.0,290.0,2.0,-16.6,PROVINCIA
2025-06-24 16:59:16,2025-06-24 13:55:00,1936,Tucumán,422.0,483.0,421.0,12.6,-0.2,PROVINCIA
2025-06-24 16:59:17,2025-06-24 13:55:00,1938,Catamarca,181.0,167.0,150.0,-8.4,-20.7,PROVINCIA
2025-06-24 16:59:18,2025-06-24 13:55:00,1905,Santiago del Estero,269.0,262.0,223.0,-2.7,-20.6,PROVINCIA
2025-06-24 16:59:19,2025-06-24 13:55:00,1910,La Rioja,226.0,223.0,191.0,-1.3,-18.3,PROVINCIA
2025-06-24 16:59:20,2025-06-24 13:55:00,1077,Edenor,4545.0,4874.0,4069.0,6.8,-11.7,PROVINCIA
2025-06-24 16:59:21,2025-06-24 13:50:00,1078,Edesur,3624.0,3912.0,3391.0,7.4,-6.9,PROVINCIA
2025-06-24 16:59:22,2025-06-24 13:55:00,1943,Edelap,536.0,611.0,543.0,12.3,1.3,PROVINCIA
2025-06-24 16:59:23,2025-06-24 13:55:00,1944,San Luis,218.0,240.0,195.0,9.2,-11.8,PROVINCIA
2025-06-24 16:59:24,2025-06-24 13:55:00,1945,Córdoba,1612.0,1680.0,1458.0,4.0,-10.6,PROVINCIA
2025-06-24 16:59:25,2025-06-24 13:55:00,2543,Chubut,685.0,687.0,658.0,0.3,-4.1,PROVINCIA
2025-06-24 16:59:26,2025-06-24 13:55:00,2542,Santa Cruz,147.0,163.0,197.0,9.8,25.4,PROVINCIA
2025-06-24 16:59:28,2025-06-24 13:55:00,2540,Santa Fe,1853.0,1910.0,1705.0,3.0,-8.7,PROVINCIA
2025-06-24 16:59:29,2025-06-24 13:55:00,2541,Entre Ríos,507.0,508.0,485.0,0.2,-4.5,PROVINCIA
2025-06-24 16:59:30,2025-06-24 13:55:00,2525,Río Negro,236.0,215.0,242.0,-9.8,2.5,PROVINCIA
2025-06-24 16:59:31,2025-06-24 13:55:00,427,La Pampa,156.0,172.0,164.0,9.3,4.9,PROVINCIA
2025-06-24 16:59:32,2025-06-24 13:55:00,2528,Neuquén,375.0,368.0,393.0,-1.9,4.6,PROVINCIA
2025-06-24 16:59:33,2025-06-24 13:55:00,425,Provincia de Buenos Aires,2712.0,2793.0,2387.0,2.9,-13.6,REGION
2025-06-24 16:59:34,2025-06-24 13:55:00,1922,San Juan,314.0,323.0,310.0,2.8,-1.3,PROVINCIA
2025-06-24 16:59:35,2025-06-24 13:50:00,1946,Mendoza,731.0,733.0,692.0,0.3,-5.6,PROVINCIA
2025-06-24 16:59:35,2025-06-24 13:55:00,418,NEA,1243.0,1308.0,1029.0,5.0,-20.8,REGION
2025-06-24 16:59:37,2025-06-24 13:55:00,419,NOA,1590.0,1688.0,1433.0,5.8,-11.0,REGION
2025-06-24 16:59:38,2025-06-24 13:50:00,426,GBA,8972.0,9636.0,8202.0,6.9,-9.4,REGION
2025-06-24 16:59:39,2025-06-24 13:55:00,422,Centro,1832.0,1930.0,1658.0,5.1,-10.5,REGION
2025-06-24 16:59:40,2025-06-24 13:55:00,111,Patagonia,887.0,884.0,833.0,-0.3,-6.5,REGION
2025-06-24 16:59:41,2025-06-24 13:55:00,417,Litoral,2358.0,2420.0,2195.0,2.6,-7.4,REGION
2025-06-24 16:59:42,2025-06-24 13:55:00,420,Comahue,746.0,762.0,786.0,2.1,5.1,REGION
2025-06-24 16:59:44,2025-06-24 13:55:00,429,Cuyo,1050.0,1054.0,1006.0,0.4,-4.4,REGION
2025-06-24 16:59:45,2025-06-24 13:50:00,1002,Total del SADI,21612.0,22631.0,19945.0,4.5,-8.4,PAIS
2025-06-24 16:59:45 - Registro único
2025-06-24 17:20:29,2025-06-24 14:15:00,2426,Misiones,313.0,320.0,288.0,2.2,-8.7,PROVINCIA
2025-06-24 17:20:30,2025-06-24 14:15:00,1893,Corrientes,390.0,385.0,263.0,-1.3,-48.3,PROVINCIA
2025-06-24 17:20:31,2025-06-24 14:15:00,1892,Chaco,381.0,377.0,313.0,-1.1,-21.7,PROVINCIA
2025-06-24 17:20:32,2025-06-24 14:15:00,1886,Formosa,156.0,150.0,156.0,-4.0,0.0,PROVINCIA
2025-06-24 17:20:33,2025-06-24 14:15:00,1937,Jujuy,134.0,165.0,128.0,18.8,-4.7,PROVINCIA
2025-06-24 17:20:34,2025-06-24 14:15:00,1933,Salta,331.0,347.0,286.0,4.6,-15.7,PROVINCIA
2025-06-24 17:20:34,2025-06-24 14:15:00,1936,Tucumán,424.0,472.0,421.0,10.2,-0.7,PROVINCIA
2025-06-24 17:20:35,2025-06-24 14:15:00,1938,Catamarca,181.0,166.0,148.0,-9.0,-22.3,PROVINCIA
2025-06-24 17:20:36,2025-06-24 14:15:00,1905,Santiago del Estero,254.0,257.0,218.0,1.2,-16.5,PROVINCIA
2025-06-24 17:20:37,2025-06-24 14:15:00,1910,La Rioja,224.0,217.0,186.0,-3.2,-20.4,PROVINCIA
2025-06-24 17:20:38,2025-06-24 14:15:00,1077,Edenor,4524.0,4856.0,4057.0,6.8,-11.5,PROVINCIA
2025-06-24 17:20:39,2025-06-24 14:15:00,1078,Edesur,3592.0,3917.0,3391.0,8.3,-5.9,PROVINCIA
2025-06-24 17:20:39,2025-06-24 14:10:00,1943,Edelap,548.0,610.0,540.0,10.2,-1.5,PROVINCIA
2025-06-24 17:20:40,2025-06-24 14:15:00,1944,San Luis,217.0,238.0,194.0,8.8,-11.9,PROVINCIA
2025-06-24 17:20:41,2025-06-24 14:10:00,1945,Córdoba,1600.0,1677.0,1450.0,4.6,-10.3,PROVINCIA
2025-06-24 17:20:42,2025-06-24 14:15:00,2543,Chubut,680.0,688.0,664.0,1.2,-2.4,PROVINCIA
2025-06-24 17:20:43,2025-06-24 14:15:00,2542,Santa Cruz,140.0,162.0,179.0,13.6,21.8,PROVINCIA
2025-06-24 17:20:44,2025-06-24 14:15:00,2540,Santa Fe,1928.0,1893.0,1791.0,-1.8,-7.6,PROVINCIA
2025-06-24 17:20:45,2025-06-24 14:15:00,2541,Entre Ríos,500.0,522.0,482.0,4.2,-3.7,PROVINCIA
2025-06-24 17:20:46,2025-06-24 14:15:00,2525,Río Negro,237.0,220.0,237.0,-7.7,0.0,PROVINCIA
2025-06-24 17:20:46,2025-06-24 14:15:00,427,La Pampa,152.0,164.0,160.0,7.3,5.0,PROVINCIA
2025-06-24 17:20:47,2025-06-24 14:15:00,2528,Neuquén,375.0,348.0,392.0,-7.8,4.3,PROVINCIA
2025-06-24 17:20:48,2025-06-24 14:15:00,425,Provincia de Buenos Aires,2710.0,2758.0,2444.0,1.7,-10.9,REGION
2025-06-24 17:20:49,2025-06-24 14:15:00,1922,San Juan,309.0,323.0,298.0,4.3,-3.7,PROVINCIA
2025-06-24 17:20:50,2025-06-24 14:15:00,1946,Mendoza,719.0,712.0,684.0,-1.0,-5.1,PROVINCIA
2025-06-24 17:20:51,2025-06-24 14:15:00,418,NEA,1247.0,1299.0,1032.0,4.0,-20.8,REGION
2025-06-24 17:20:52,2025-06-24 14:10:00,419,NOA,1582.0,1669.0,1430.0,5.2,-10.6,REGION
2025-06-24 17:20:53,2025-06-24 14:15:00,426,GBA,8878.0,9620.0,8187.0,7.7,-8.4,REGION
2025-06-24 17:20:54,2025-06-24 14:10:00,422,Centro,1822.0,1923.0,1649.0,5.3,-10.5,REGION
2025-06-24 17:20:54,2025-06-24 14:10:00,111,Patagonia,893.0,887.0,832.0,-0.7,-7.3,REGION
2025-06-24 17:20:55,2025-06-24 14:15:00,417,Litoral,2432.0,2415.0,2278.0,-0.7,-6.8,REGION
2025-06-24 17:20:56,2025-06-24 14:15:00,420,Comahue,725.0,724.0,773.0,-0.1,6.2,REGION
2025-06-24 17:20:57,2025-06-24 14:15:00,429,Cuyo,1033.0,1042.0,985.0,0.9,-4.9,REGION
2025-06-24 17:20:58,2025-06-24 14:15:00,1002,Total del SADI,21571.0,22594.0,19887.0,4.5,-8.5,PAIS
2025-06-24 17:20:58 - Registro único
2025-06-24 17:39:12,2025-06-24 14:35:00,2426,Misiones,316.0,321.0,288.0,1.6,-9.7,PROVINCIA
2025-06-24 17:39:13,2025-06-24 14:30:00,1893,Corrientes,393.0,380.0,264.0,-3.4,-48.9,PROVINCIA
2025-06-24 17:39:13,2025-06-24 14:30:00,1892,Chaco,365.0,395.0,311.0,7.6,-17.4,PROVINCIA
2025-06-24 17:39:14,2025-06-24 14:35:00,1886,Formosa,155.0,149.0,155.0,-4.0,0.0,PROVINCIA
2025-06-24 17:39:15,2025-06-24 14:35:00,1937,Jujuy,131.0,166.0,130.0,21.1,-0.8,PROVINCIA
2025-06-24 17:39:16,2025-06-24 14:35:00,1933,Salta,334.0,345.0,282.0,3.2,-18.4,PROVINCIA
2025-06-24 17:39:17,2025-06-24 14:35:00,1936,Tucumán,420.0,461.0,424.0,8.9,0.9,PROVINCIA
2025-06-24 17:39:18,2025-06-24 14:35:00,1938,Catamarca,180.0,164.0,146.0,-9.8,-23.3,PROVINCIA
2025-06-24 17:39:19,2025-06-24 14:35:00,1905,Santiago del Estero,259.0,251.0,220.0,-3.2,-17.7,PROVINCIA
2025-06-24 17:39:19,2025-06-24 14:35:00,1910,La Rioja,221.0,215.0,187.0,-2.8,-18.2,PROVINCIA
2025-06-24 17:39:20,2025-06-24 14:35:00,1077,Edenor,4467.0,4859.0,4045.0,8.1,-10.4,PROVINCIA
2025-06-24 17:39:21,2025-06-24 14:30:00,1078,Edesur,3594.0,3927.0,3400.0,8.5,-5.7,PROVINCIA
2025-06-24 17:39:22,2025-06-24 14:35:00,1943,Edelap,536.0,609.0,540.0,12.0,0.7,PROVINCIA
2025-06-24 17:39:23,2025-06-24 14:35:00,1944,San Luis,215.0,236.0,190.0,8.9,-13.2,PROVINCIA
2025-06-24 17:39:24,2025-06-24 14:30:00,1945,Córdoba,1596.0,1676.0,1454.0,4.8,-9.8,PROVINCIA
2025-06-24 17:39:24,2025-06-24 14:35:00,2543,Chubut,695.0,693.0,658.0,-0.3,-5.6,PROVINCIA
2025-06-24 17:39:25,2025-06-24 14:35:00,2542,Santa Cruz,140.0,161.0,187.0,13.0,25.1,PROVINCIA
2025-06-24 17:39:27,2025-06-24 14:35:00,2540,Santa Fe,1919.0,1993.0,1680.0,3.7,-14.2,PROVINCIA
2025-06-24 17:39:28,2025-06-24 14:35:00,2541,Entre Ríos,501.0,524.0,480.0,4.4,-4.4,PROVINCIA
2025-06-24 17:39:28,2025-06-24 14:35:00,2525,Río Negro,232.0,218.0,239.0,-6.4,2.9,PROVINCIA
2025-06-24 17:39:29,2025-06-24 14:35:00,427,La Pampa,146.0,160.0,152.0,8.8,3.9,PROVINCIA
2025-06-24 17:39:30,2025-06-24 14:35:00,2528,Neuquén,376.0,358.0,404.0,-5.0,6.9,PROVINCIA
2025-06-24 17:39:31,2025-06-24 14:35:00,425,Provincia de Buenos Aires,2636.0,2700.0,2417.0,2.4,-9.1,REGION
2025-06-24 17:39:32,2025-06-24 14:35:00,1922,San Juan,307.0,321.0,306.0,4.4,-0.3,PROVINCIA
2025-06-24 17:39:33,2025-06-24 14:35:00,1946,Mendoza,720.0,696.0,697.0,-3.4,-3.3,PROVINCIA
2025-06-24 17:39:34,2025-06-24 14:30:00,418,NEA,1236.0,1286.0,1024.0,3.9,-20.7,REGION
2025-06-24 17:39:35,2025-06-24 14:35:00,419,NOA,1567.0,1651.0,1423.0,5.1,-10.1,REGION
2025-06-24 17:39:36,2025-06-24 14:35:00,426,GBA,8802.0,9617.0,8193.0,8.5,-7.4,REGION
2025-06-24 17:39:37,2025-06-24 14:35:00,422,Centro,1806.0,1913.0,1637.0,5.6,-10.3,REGION
2025-06-24 17:39:37,2025-06-24 14:30:00,111,Patagonia,877.0,902.0,823.0,2.8,-6.6,REGION
2025-06-24 17:39:38,2025-06-24 14:35:00,417,Litoral,2423.0,2519.0,2163.0,3.8,-12.0,REGION
2025-06-24 17:39:39,2025-06-24 14:35:00,420,Comahue,723.0,739.0,776.0,2.2,6.8,REGION
2025-06-24 17:39:40,2025-06-24 14:35:00,429,Cuyo,1030.0,1021.0,1006.0,-0.9,-2.4,REGION
2025-06-24 17:39:41,2025-06-24 14:35:00,1002,Total del SADI,21363.0,22592.0,19722.0,5.4,-8.3,PAIS
2025-06-24 17:39:41 - Registro único
2025-06-24 17:49:56,2025-06-24 14:45:00,2426,Misiones,315.0,322.0,288.0,2.2,-9.4,PROVINCIA
2025-06-24 17:49:56,2025-06-24 14:40:00,1893,Corrientes,387.0,382.0,252.0,-1.3,-53.6,PROVINCIA
2025-06-24 17:49:57,2025-06-24 14:40:00,1892,Chaco,370.0,387.0,297.0,4.4,-24.6,PROVINCIA
2025-06-24 17:49:58,2025-06-24 14:45:00,1886,Formosa,153.0,147.0,155.0,-4.1,1.3,PROVINCIA
2025-06-24 17:49:59,2025-06-24 14:45:00,1937,Jujuy,130.0,169.0,135.0,23.1,3.7,PROVINCIA
2025-06-24 17:49:59,2025-06-24 14:40:00,1933,Salta,334.0,345.0,274.0,3.2,-21.9,PROVINCIA
2025-06-24 17:50:00,2025-06-24 14:40:00,1936,Tucumán,419.0,459.0,421.0,8.7,0.5,PROVINCIA
2025-06-24 17:50:01,2025-06-24 14:40:00,1938,Catamarca,180.0,164.0,148.0,-9.8,-21.6,PROVINCIA
2025-06-24 17:50:04,2025-06-24 14:40:00,1905,Santiago del Estero,255.0,240.0,222.0,-6.2,-14.9,PROVINCIA
2025-06-24 17:50:05,2025-06-24 14:45:00,1910,La Rioja,219.0,213.0,189.0,-2.8,-15.9,PROVINCIA
2025-06-24 17:50:06,2025-06-24 14:45:00,1077,Edenor,4449.0,4859.0,4050.0,8.4,-9.9,PROVINCIA
2025-06-24 17:50:07,2025-06-24 14:40:00,1078,Edesur,3561.0,3903.0,3404.0,8.8,-4.6,PROVINCIA
2025-06-24 17:50:08,2025-06-24 14:40:00,1943,Edelap,554.0,610.0,543.0,9.2,-2.0,PROVINCIA
2025-06-24 17:50:09,2025-06-24 14:45:00,1944,San Luis,214.0,240.0,194.0,10.8,-10.3,PROVINCIA
2025-06-24 17:50:10,2025-06-24 14:45:00,1945,Córdoba,1586.0,1662.0,1428.0,4.6,-11.1,PROVINCIA
2025-06-24 17:50:10,2025-06-24 14:45:00,2543,Chubut,694.0,701.0,654.0,1.0,-6.1,PROVINCIA
2025-06-24 17:50:11,2025-06-24 14:45:00,2542,Santa Cruz,136.0,163.0,168.0,16.6,19.0,PROVINCIA
2025-06-24 17:50:13,2025-06-24 14:40:00,2540,Santa Fe,1903.0,1974.0,1782.0,3.6,-6.8,PROVINCIA
2025-06-24 17:50:13,2025-06-24 14:45:00,2541,Entre Ríos,513.0,514.0,490.0,0.2,-4.7,PROVINCIA
2025-06-24 17:50:14,2025-06-24 14:45:00,2525,Río Negro,237.0,218.0,240.0,-8.7,1.2,PROVINCIA
2025-06-24 17:50:15,2025-06-24 14:40:00,427,La Pampa,153.0,169.0,161.0,9.5,5.0,PROVINCIA
2025-06-24 17:50:16,2025-06-24 14:40:00,2528,Neuquén,368.0,357.0,394.0,-3.1,6.6,PROVINCIA
2025-06-24 17:50:17,2025-06-24 14:45:00,425,Provincia de Buenos Aires,2714.0,2856.0,2398.0,5.0,-13.2,REGION
2025-06-24 17:50:17,2025-06-24 14:40:00,1922,San Juan,305.0,321.0,299.0,5.0,-2.0,PROVINCIA
2025-06-24 17:50:18,2025-06-24 14:45:00,1946,Mendoza,717.0,701.0,691.0,-2.3,-3.8,PROVINCIA
2025-06-24 17:50:19,2025-06-24 14:40:00,418,NEA,1236.0,1285.0,1010.0,3.8,-22.4,REGION
2025-06-24 17:50:20,2025-06-24 14:45:00,419,NOA,1557.0,1641.0,1428.0,5.1,-9.0,REGION
2025-06-24 17:50:21,2025-06-24 14:40:00,426,GBA,8804.0,9601.0,8199.0,8.3,-7.4,REGION
2025-06-24 17:50:21,2025-06-24 14:45:00,422,Centro,1807.0,1907.0,1627.0,5.2,-11.1,REGION
2025-06-24 17:50:22,2025-06-24 14:45:00,111,Patagonia,887.0,901.0,828.0,1.6,-7.1,REGION
2025-06-24 17:50:23,2025-06-24 14:45:00,417,Litoral,2327.0,2498.0,2172.0,6.8,-7.1,REGION
2025-06-24 17:50:24,2025-06-24 14:45:00,420,Comahue,726.0,753.0,764.0,3.6,5.0,REGION
2025-06-24 17:50:25,2025-06-24 14:45:00,429,Cuyo,1027.0,1022.0,1002.0,-0.5,-2.5,REGION
2025-06-24 17:50:26,2025-06-24 14:45:00,1002,Total del SADI,21276.0,22728.0,19631.0,6.4,-8.4,PAIS
2025-06-24 17:50:26 - Registro único
2025-06-24 17:56:44,2025-06-24 14:50:00,2426,Misiones,319.0,321.0,288.0,0.6,-10.8,PROVINCIA
2025-06-24 17:56:45,2025-06-24 14:55:00,1893,Corrientes,387.0,370.0,247.0,-4.6,-56.7,PROVINCIA
2025-06-24 17:56:47,2025-06-24 14:55:00,1892,Chaco,364.0,404.0,310.0,9.9,-17.4,PROVINCIA
2025-06-24 17:56:48,2025-06-24 14:50:00,1886,Formosa,152.0,147.0,155.0,-3.4,1.9,PROVINCIA
2025-06-24 17:56:48,2025-06-24 14:50:00,1937,Jujuy,129.0,167.0,130.0,22.8,0.8,PROVINCIA
2025-06-24 17:56:49,2025-06-24 14:50:00,1933,Salta,330.0,349.0,287.0,5.4,-15.0,PROVINCIA
2025-06-24 17:56:50,2025-06-24 14:50:00,1936,Tucumán,416.0,452.0,419.0,8.0,0.7,PROVINCIA
2025-06-24 17:56:51,2025-06-24 14:50:00,1938,Catamarca,177.0,163.0,145.0,-8.6,-22.1,PROVINCIA
2025-06-24 17:56:52,2025-06-24 14:50:00,1905,Santiago del Estero,245.0,249.0,222.0,1.6,-10.4,PROVINCIA
2025-06-24 17:56:53,2025-06-24 14:50:00,1910,La Rioja,218.0,210.0,183.0,-3.8,-19.1,PROVINCIA
2025-06-24 17:56:54,2025-06-24 14:50:00,1077,Edenor,4434.0,4860.0,4034.0,8.8,-9.9,PROVINCIA
2025-06-24 17:56:55,2025-06-24 14:50:00,1078,Edesur,3536.0,3911.0,3404.0,9.6,-3.9,PROVINCIA
2025-06-24 17:56:56,2025-06-24 14:50:00,1943,Edelap,537.0,631.0,541.0,14.9,0.7,PROVINCIA
2025-06-24 17:56:57,2025-06-24 14:50:00,1944,San Luis,213.0,235.0,193.0,9.4,-10.4,PROVINCIA
2025-06-24 17:56:58,2025-06-24 14:50:00,1945,Córdoba,1580.0,1660.0,1424.0,4.8,-11.0,PROVINCIA
2025-06-24 17:56:59,2025-06-24 14:50:00,2543,Chubut,677.0,683.0,681.0,0.9,0.6,PROVINCIA
2025-06-24 17:57:00,2025-06-24 14:50:00,2542,Santa Cruz,133.0,163.0,149.0,18.4,10.7,PROVINCIA
2025-06-24 17:57:04,2025-06-24 14:50:00,2540,Santa Fe,1911.0,1988.0,1667.0,3.9,-14.6,PROVINCIA
2025-06-24 17:57:05,2025-06-24 14:50:00,2541,Entre Ríos,495.0,506.0,465.0,2.2,-6.5,PROVINCIA
2025-06-24 17:57:06,2025-06-24 14:50:00,2525,Río Negro,234.0,216.0,243.0,-8.3,3.7,PROVINCIA
2025-06-24 17:57:07,2025-06-24 14:50:00,427,La Pampa,144.0,165.0,155.0,12.7,7.1,PROVINCIA
2025-06-24 17:57:08,2025-06-24 14:50:00,2528,Neuquén,368.0,356.0,388.0,-3.4,5.2,PROVINCIA
2025-06-24 17:57:09,2025-06-24 14:50:00,425,Provincia de Buenos Aires,2704.0,2833.0,2464.0,4.6,-9.7,REGION
2025-06-24 17:57:09,2025-06-24 14:50:00,1922,San Juan,305.0,320.0,298.0,4.7,-2.3,PROVINCIA
2025-06-24 17:57:10,2025-06-24 14:50:00,1946,Mendoza,713.0,700.0,677.0,-1.9,-5.3,PROVINCIA
2025-06-24 17:57:11,2025-06-24 14:55:00,418,NEA,1235.0,1283.0,1012.0,3.7,-22.0,REGION
2025-06-24 17:57:12,2025-06-24 14:50:00,419,NOA,1547.0,1631.0,1421.0,5.2,-8.9,REGION
2025-06-24 17:57:13,2025-06-24 14:50:00,426,GBA,8726.0,9637.0,8173.0,9.5,-6.8,REGION
2025-06-24 17:57:14,2025-06-24 14:50:00,422,Centro,1799.0,1903.0,1625.0,5.5,-10.7,REGION
2025-06-24 17:57:15,2025-06-24 14:50:00,111,Patagonia,866.0,886.0,847.0,2.3,-2.2,REGION
2025-06-24 17:57:16,2025-06-24 14:50:00,417,Litoral,2403.0,2494.0,2135.0,3.6,-12.6,REGION
2025-06-24 17:57:17,2025-06-24 14:50:00,420,Comahue,713.0,744.0,757.0,4.2,5.8,REGION
2025-06-24 17:57:18,2025-06-24 14:50:00,429,Cuyo,1023.0,1022.0,977.0,-0.1,-4.7,REGION
2025-06-24 17:57:19,2025-06-24 14:50:00,1002,Total del SADI,21266.0,22708.0,19671.0,6.4,-8.1,PAIS
2025-06-24 17:57:19 - Registro único
2025-06-24 18:21:24,2025-06-24 15:10:00,2426,Misiones,319.0,324.0,295.0,1.5,-8.1,PROVINCIA
2025-06-24 18:21:25,2025-06-24 15:15:00,1893,Corrientes,392.0,368.0,249.0,-6.5,-57.4,PROVINCIA
2025-06-24 18:21:26,2025-06-24 15:15:00,1892,Chaco,359.0,418.0,306.0,14.1,-17.3,PROVINCIA
2025-06-24 18:21:27,2025-06-24 15:15:00,1886,Formosa,152.0,147.0,155.0,-3.4,1.9,PROVINCIA
2025-06-24 18:21:28,2025-06-24 15:15:00,1937,Jujuy,126.0,166.0,125.0,24.1,-0.8,PROVINCIA
2025-06-24 18:21:30,2025-06-24 15:15:00,1933,Salta,332.0,352.0,291.0,5.7,-14.1,PROVINCIA
2025-06-24 18:21:31,2025-06-24 15:15:00,1936,Tucumán,409.0,442.0,418.0,7.5,2.2,PROVINCIA
2025-06-24 18:21:32,2025-06-24 15:15:00,1938,Catamarca,175.0,161.0,143.0,-8.7,-22.4,PROVINCIA
2025-06-24 18:21:33,2025-06-24 15:15:00,1905,Santiago del Estero,248.0,239.0,221.0,-3.8,-12.2,PROVINCIA
2025-06-24 18:21:34,2025-06-24 15:15:00,1910,La Rioja,213.0,205.0,182.0,-3.9,-17.0,PROVINCIA
2025-06-24 18:21:35,2025-06-24 15:15:00,1077,Edenor,4389.0,4838.0,3996.0,9.3,-9.8,PROVINCIA
2025-06-24 18:21:36,2025-06-24 15:15:00,1078,Edesur,3525.0,3920.0,3387.0,10.1,-4.1,PROVINCIA
2025-06-24 18:21:37,2025-06-24 15:15:00,1943,Edelap,541.0,622.0,539.0,13.0,-0.4,PROVINCIA
2025-06-24 18:21:39,2025-06-24 15:15:00,1944,San Luis,213.0,237.0,191.0,10.1,-11.5,PROVINCIA
2025-06-24 18:21:40,2025-06-24 15:15:00,1945,Córdoba,1570.0,1651.0,1420.0,4.9,-10.6,PROVINCIA
2025-06-24 18:21:41,2025-06-24 15:15:00,2543,Chubut,683.0,657.0,659.0,-4.0,-3.6,PROVINCIA
2025-06-24 18:21:42,2025-06-24 15:15:00,2542,Santa Cruz,137.0,156.0,174.0,12.2,21.3,PROVINCIA
2025-06-24 18:21:44,2025-06-24 15:15:00,2540,Santa Fe,1900.0,1887.0,1672.0,-0.7,-13.6,PROVINCIA
2025-06-24 18:21:45,2025-06-24 15:15:00,2541,Entre Ríos,496.0,501.0,484.0,1.0,-2.5,PROVINCIA
2025-06-24 18:21:46,2025-06-24 15:15:00,2525,Río Negro,233.0,214.0,241.0,-8.9,3.3,PROVINCIA
2025-06-24 18:21:47,2025-06-24 15:15:00,427,La Pampa,144.0,155.0,155.0,7.1,7.1,PROVINCIA
2025-06-24 18:21:48,2025-06-24 15:15:00,2528,Neuquén,367.0,364.0,385.0,-0.8,4.7,PROVINCIA
2025-06-24 18:21:49,2025-06-24 15:15:00,425,Provincia de Buenos Aires,2525.0,2780.0,2445.0,9.2,-3.3,REGION
2025-06-24 18:21:51,2025-06-24 15:15:00,1922,San Juan,300.0,315.0,292.0,4.8,-2.7,PROVINCIA
2025-06-24 18:21:52,2025-06-24 15:15:00,1946,Mendoza,708.0,699.0,669.0,-1.3,-5.8,PROVINCIA
2025-06-24 18:21:53,2025-06-24 15:15:00,418,NEA,1230.0,1297.0,1024.0,5.2,-20.1,REGION
2025-06-24 18:21:54,2025-06-24 15:15:00,419,NOA,1525.0,1611.0,1405.0,5.3,-8.5,REGION
2025-06-24 18:21:55,2025-06-24 15:15:00,426,GBA,8670.0,9607.0,8096.0,9.8,-7.1,REGION
2025-06-24 18:21:56,2025-06-24 15:15:00,422,Centro,1807.0,1894.0,1618.0,4.6,-11.7,REGION
2025-06-24 18:21:57,2025-06-24 15:15:00,111,Patagonia,880.0,858.0,838.0,-2.6,-5.0,REGION
2025-06-24 18:21:58,2025-06-24 15:15:00,417,Litoral,2394.0,2388.0,2161.0,-0.3,-10.8,REGION
2025-06-24 18:22:00,2025-06-24 15:15:00,420,Comahue,715.0,740.0,754.0,3.4,5.2,REGION
2025-06-24 18:22:01,2025-06-24 15:15:00,429,Cuyo,1012.0,1017.0,964.0,0.5,-5.0,REGION
2025-06-24 18:22:02,2025-06-24 15:15:00,1002,Total del SADI,21000.0,22408.0,19558.0,6.3,-7.4,PAIS
2025-06-24 18:22:02 - Registro único
2025-06-24 18:46:26,2025-06-24 15:40:00,2426,Misiones,323.0,329.0,302.0,1.8,-7.0,PROVINCIA
2025-06-24 18:46:27,2025-06-24 15:40:00,1893,Corrientes,401.0,373.0,335.0,-7.5,-19.7,PROVINCIA
2025-06-24 18:46:28,2025-06-24 15:40:00,1892,Chaco,367.0,419.0,308.0,12.4,-19.2,PROVINCIA
2025-06-24 18:46:29,2025-06-24 15:40:00,1886,Formosa,153.0,147.0,156.0,-4.1,1.9,PROVINCIA
2025-06-24 18:46:30,2025-06-24 15:40:00,1937,Jujuy,129.0,160.0,133.0,19.4,3.0,PROVINCIA
2025-06-24 18:46:31,2025-06-24 15:40:00,1933,Salta,324.0,352.0,284.0,8.0,-14.1,PROVINCIA
2025-06-24 18:46:32,2025-06-24 15:40:00,1936,Tucumán,408.0,431.0,408.0,5.3,0.0,PROVINCIA
2025-06-24 18:46:33,2025-06-24 15:40:00,1938,Catamarca,174.0,158.0,139.0,-10.1,-25.2,PROVINCIA
2025-06-24 18:46:34,2025-06-24 15:40:00,1905,Santiago del Estero,249.0,235.0,221.0,-6.0,-12.7,PROVINCIA
2025-06-24 18:46:35,2025-06-24 15:40:00,1910,La Rioja,210.0,197.0,179.0,-6.6,-17.3,PROVINCIA
2025-06-24 18:46:36,2025-06-24 15:45:00,1077,Edenor,4343.0,4832.0,3956.0,10.1,-9.8,PROVINCIA
2025-06-24 18:46:37,2025-06-24 15:40:00,1078,Edesur,3482.0,3902.0,3367.0,10.8,-3.4,PROVINCIA
2025-06-24 18:46:38,2025-06-24 15:40:00,1943,Edelap,529.0,608.0,541.0,13.0,2.2,PROVINCIA
2025-06-24 18:46:39,2025-06-24 15:40:00,1944,San Luis,211.0,236.0,200.0,10.6,-5.5,PROVINCIA
2025-06-24 18:46:40,2025-06-24 15:40:00,1945,Córdoba,1565.0,1633.0,1424.0,4.2,-9.9,PROVINCIA
2025-06-24 18:46:41,2025-06-24 15:40:00,2543,Chubut,697.0,688.0,661.0,-1.3,-5.4,PROVINCIA
2025-06-24 18:46:42,2025-06-24 15:40:00,2542,Santa Cruz,148.0,153.0,148.0,3.3,0.0,PROVINCIA
2025-06-24 18:46:43,2025-06-24 15:40:00,2540,Santa Fe,1878.0,1876.0,1725.0,-0.1,-8.9,PROVINCIA
2025-06-24 18:46:44,2025-06-24 15:40:00,2541,Entre Ríos,493.0,500.0,477.0,1.4,-3.4,PROVINCIA
2025-06-24 18:46:45,2025-06-24 15:40:00,2525,Río Negro,232.0,216.0,239.0,-7.4,2.9,PROVINCIA
2025-06-24 18:46:46,2025-06-24 15:40:00,427,La Pampa,144.0,160.0,155.0,10.0,7.1,PROVINCIA
2025-06-24 18:46:47,2025-06-24 15:40:00,2528,Neuquén,361.0,363.0,392.0,0.6,7.9,PROVINCIA
2025-06-24 18:46:48,2025-06-24 15:40:00,425,Provincia de Buenos Aires,2586.0,2763.0,2440.0,6.4,-6.0,REGION
2025-06-24 18:46:49,2025-06-24 15:40:00,1922,San Juan,296.0,311.0,291.0,4.8,-1.7,PROVINCIA
2025-06-24 18:46:49,2025-06-24 15:40:00,1946,Mendoza,704.0,700.0,657.0,-0.6,-7.2,PROVINCIA
2025-06-24 18:46:50,2025-06-24 15:40:00,418,NEA,1251.0,1293.0,1115.0,3.2,-12.2,REGION
2025-06-24 18:46:51,2025-06-24 15:40:00,419,NOA,1519.0,1582.0,1397.0,4.0,-8.7,REGION
2025-06-24 18:46:52,2025-06-24 15:40:00,426,GBA,8579.0,9580.0,8043.0,10.4,-6.7,REGION
2025-06-24 18:46:53,2025-06-24 15:40:00,422,Centro,1971.0,1874.0,1615.0,-5.2,-22.0,REGION
2025-06-24 18:46:54,2025-06-24 15:40:00,111,Patagonia,900.0,887.0,839.0,-1.5,-7.3,REGION
2025-06-24 18:46:55,2025-06-24 15:40:00,417,Litoral,2375.0,2378.0,2205.0,0.1,-7.7,REGION
2025-06-24 18:46:55,2025-06-24 15:40:00,420,Comahue,698.0,736.0,761.0,5.2,8.3,REGION
2025-06-24 18:46:56,2025-06-24 15:40:00,429,Cuyo,1005.0,1014.0,951.0,0.9,-5.7,REGION
2025-06-24 18:46:57,2025-06-24 15:40:00,1002,Total del SADI,21137.0,22344.0,19607.0,5.4,-7.8,PAIS
2025-06-24 18:46:57 - Registro único
2025-06-24 18:58:07,2025-06-24 15:50:00,2426,Misiones,320.0,329.0,307.0,2.7,-4.2,PROVINCIA
2025-06-24 18:58:08,2025-06-24 15:50:00,1893,Corrientes,393.0,380.0,332.0,-3.4,-18.4,PROVINCIA
2025-06-24 18:58:09,2025-06-24 15:50:00,1892,Chaco,363.0,423.0,318.0,14.2,-14.2,PROVINCIA
2025-06-24 18:58:10,2025-06-24 15:55:00,1886,Formosa,155.0,149.0,158.0,-4.0,1.9,PROVINCIA
2025-06-24 18:58:10,2025-06-24 15:50:00,1937,Jujuy,127.0,161.0,135.0,21.1,5.9,PROVINCIA
2025-06-24 18:58:11,2025-06-24 15:55:00,1933,Salta,324.0,349.0,280.0,7.2,-15.7,PROVINCIA
2025-06-24 18:58:12,2025-06-24 15:55:00,1936,Tucumán,405.0,424.0,405.0,4.5,0.0,PROVINCIA
2025-06-24 18:58:13,2025-06-24 15:55:00,1938,Catamarca,171.0,154.0,141.0,-11.0,-21.3,PROVINCIA
2025-06-24 18:58:14,2025-06-24 15:55:00,1905,Santiago del Estero,245.0,230.0,219.0,-6.5,-11.9,PROVINCIA
2025-06-24 18:58:15,2025-06-24 15:55:00,1910,La Rioja,208.0,193.0,178.0,-7.8,-16.9,PROVINCIA
2025-06-24 18:58:15,2025-06-24 15:55:00,1077,Edenor,4332.0,4809.0,3936.0,9.9,-10.1,PROVINCIA
2025-06-24 18:58:16,2025-06-24 15:55:00,1078,Edesur,3479.0,3883.0,3325.0,10.4,-4.6,PROVINCIA
2025-06-24 18:58:17,2025-06-24 15:55:00,1943,Edelap,529.0,611.0,538.0,13.4,1.7,PROVINCIA
2025-06-24 18:58:18,2025-06-24 15:55:00,1944,San Luis,208.0,235.0,195.0,11.5,-6.7,PROVINCIA
2025-06-24 18:58:19,2025-06-24 15:55:00,1945,Córdoba,1554.0,1632.0,1412.0,4.8,-10.1,PROVINCIA
2025-06-24 18:58:20,2025-06-24 15:55:00,2543,Chubut,704.0,703.0,670.0,-0.1,-5.1,PROVINCIA
2025-06-24 18:58:21,2025-06-24 15:50:00,2542,Santa Cruz,143.0,158.0,146.0,9.5,2.1,PROVINCIA
2025-06-24 18:58:22,2025-06-24 15:55:00,2540,Santa Fe,1774.0,1964.0,1737.0,9.7,-2.1,PROVINCIA
2025-06-24 18:58:23,2025-06-24 15:55:00,2541,Entre Ríos,489.0,504.0,491.0,3.0,0.4,PROVINCIA
2025-06-24 18:58:24,2025-06-24 15:55:00,2525,Río Negro,232.0,217.0,244.0,-6.9,4.9,PROVINCIA
2025-06-24 18:58:25,2025-06-24 15:55:00,427,La Pampa,149.0,154.0,157.0,3.2,5.1,PROVINCIA
2025-06-24 18:58:26,2025-06-24 15:55:00,2528,Neuquén,361.0,355.0,372.0,-1.7,3.0,PROVINCIA
2025-06-24 18:58:27,2025-06-24 15:50:00,425,Provincia de Buenos Aires,2519.0,2733.0,2376.0,7.8,-6.0,REGION
2025-06-24 18:58:28,2025-06-24 15:55:00,1922,San Juan,296.0,309.0,284.0,4.2,-4.2,PROVINCIA
2025-06-24 18:58:28,2025-06-24 15:55:00,1946,Mendoza,697.0,694.0,641.0,-0.4,-8.7,PROVINCIA
2025-06-24 18:58:29,2025-06-24 15:50:00,418,NEA,1240.0,1309.0,1124.0,5.3,-10.3,REGION
2025-06-24 18:58:30,2025-06-24 15:55:00,419,NOA,1509.0,1563.0,1385.0,3.5,-9.0,REGION
2025-06-24 18:58:31,2025-06-24 15:55:00,426,GBA,8564.0,9540.0,8000.0,10.2,-7.0,REGION
2025-06-24 18:58:33,2025-06-24 15:55:00,422,Centro,1955.0,1872.0,1611.0,-4.4,-21.4,REGION
2025-06-24 18:58:34,2025-06-24 15:55:00,111,Patagonia,907.0,899.0,847.0,-0.9,-7.1,REGION
2025-06-24 18:58:35,2025-06-24 15:55:00,417,Litoral,2267.0,2468.0,2229.0,8.1,-1.7,REGION
2025-06-24 18:58:36,2025-06-24 15:55:00,420,Comahue,710.0,721.0,750.0,1.5,5.3,REGION
2025-06-24 18:58:37,2025-06-24 15:55:00,429,Cuyo,998.0,1007.0,929.0,0.9,-7.4,REGION
2025-06-24 18:58:38,2025-06-24 15:55:00,1002,Total del SADI,20967.0,22258.0,19542.0,5.8,-7.3,PAIS
2025-06-24 18:58:38 - Registro único
2025-06-24 19:15:05,2025-06-24 16:10:00,2426,Misiones,326.0,336.0,309.0,3.0,-5.5,PROVINCIA
2025-06-24 19:15:06,2025-06-24 16:05:00,1893,Corrientes,382.0,390.0,327.0,2.1,-16.8,PROVINCIA
2025-06-24 19:15:07,2025-06-24 16:10:00,1892,Chaco,359.0,361.0,322.0,0.6,-11.5,PROVINCIA
2025-06-24 19:15:08,2025-06-24 16:10:00,1886,Formosa,156.0,150.0,158.0,-4.0,1.3,PROVINCIA
2025-06-24 19:15:09,2025-06-24 16:10:00,1937,Jujuy,130.0,160.0,138.0,18.8,5.8,PROVINCIA
2025-06-24 19:15:09,2025-06-24 16:10:00,1933,Salta,324.0,345.0,283.0,6.1,-14.5,PROVINCIA
2025-06-24 19:15:11,2025-06-24 16:10:00,1936,Tucumán,405.0,420.0,396.0,3.6,-2.3,PROVINCIA
2025-06-24 19:15:11,2025-06-24 16:10:00,1938,Catamarca,171.0,153.0,159.0,-11.8,-7.5,PROVINCIA
2025-06-24 19:15:12,2025-06-24 16:10:00,1905,Santiago del Estero,241.0,227.0,215.0,-6.2,-12.1,PROVINCIA
2025-06-24 19:15:13,2025-06-24 16:10:00,1910,La Rioja,206.0,195.0,178.0,-5.6,-15.7,PROVINCIA
2025-06-24 19:15:14,2025-06-24 16:10:00,1077,Edenor,4294.0,4792.0,3892.0,10.4,-10.3,PROVINCIA
2025-06-24 19:15:15,2025-06-24 16:10:00,1078,Edesur,3435.0,3872.0,3314.0,11.3,-3.7,PROVINCIA
2025-06-24 19:15:16,2025-06-24 16:10:00,1943,Edelap,533.0,625.0,536.0,14.7,0.6,PROVINCIA
2025-06-24 19:15:17,2025-06-24 16:10:00,1944,San Luis,206.0,226.0,185.0,8.8,-11.4,PROVINCIA
2025-06-24 19:15:18,2025-06-24 16:10:00,1945,Córdoba,1553.0,1633.0,1412.0,4.9,-10.0,PROVINCIA
2025-06-24 19:15:19,2025-06-24 16:10:00,2543,Chubut,706.0,681.0,668.0,-3.7,-5.7,PROVINCIA
2025-06-24 19:15:20,2025-06-24 16:10:00,2542,Santa Cruz,151.0,166.0,161.0,9.0,6.2,PROVINCIA
2025-06-24 19:15:21,2025-06-24 16:10:00,2540,Santa Fe,1758.0,1948.0,1724.0,9.8,-2.0,PROVINCIA
2025-06-24 19:15:22,2025-06-24 16:10:00,2541,Entre Ríos,499.0,514.0,483.0,2.9,-3.3,PROVINCIA
2025-06-24 19:15:23,2025-06-24 16:10:00,2525,Río Negro,230.0,204.0,239.0,-12.7,3.8,PROVINCIA
2025-06-24 19:15:24,2025-06-24 16:10:00,427,La Pampa,147.0,164.0,165.0,10.4,10.9,PROVINCIA
2025-06-24 19:15:25,2025-06-24 16:10:00,2528,Neuquén,355.0,360.0,391.0,1.4,9.2,PROVINCIA
2025-06-24 19:15:26,2025-06-24 16:10:00,425,Provincia de Buenos Aires,2617.0,2702.0,2441.0,3.1,-7.2,REGION
2025-06-24 19:15:27,2025-06-24 16:10:00,1922,San Juan,293.0,307.0,284.0,4.6,-3.2,PROVINCIA
2025-06-24 19:15:28,2025-06-24 16:10:00,1946,Mendoza,692.0,688.0,642.0,-0.6,-7.8,PROVINCIA
2025-06-24 19:15:29,2025-06-24 16:10:00,418,NEA,1242.0,1236.0,1136.0,-0.5,-9.3,REGION
2025-06-24 19:15:30,2025-06-24 16:10:00,419,NOA,1501.0,1551.0,1399.0,3.2,-7.3,REGION
2025-06-24 19:15:31,2025-06-24 16:10:00,426,GBA,8491.0,9525.0,7948.0,10.9,-6.8,REGION
2025-06-24 19:15:31,2025-06-24 16:10:00,422,Centro,1964.0,1867.0,1603.0,-5.2,-22.5,REGION
2025-06-24 19:15:33,2025-06-24 16:10:00,111,Patagonia,906.0,882.0,846.0,-2.7,-7.1,REGION
2025-06-24 19:15:34,2025-06-24 16:10:00,417,Litoral,2261.0,2464.0,2210.0,8.2,-2.3,REGION
2025-06-24 19:15:35,2025-06-24 16:10:00,420,Comahue,703.0,735.0,770.0,4.4,8.7,REGION
2025-06-24 19:15:36,2025-06-24 16:10:00,429,Cuyo,988.0,1000.0,928.0,1.2,-6.5,REGION
2025-06-24 19:15:37,2025-06-24 16:10:00,1002,Total del SADI,20918.0,22240.0,19540.0,5.9,-7.1,PAIS
2025-06-24 19:15:37 - Registro único
2025-06-24 19:27:48,2025-06-24 16:20:00,2426,Misiones,328.0,341.0,309.0,3.8,-6.1,PROVINCIA
2025-06-24 19:27:49,2025-06-24 16:25:00,1893,Corrientes,392.0,376.0,332.0,-4.3,-18.1,PROVINCIA
2025-06-24 19:27:50,2025-06-24 16:20:00,1892,Chaco,366.0,366.0,323.0,0.0,-13.3,PROVINCIA
2025-06-24 19:27:50,2025-06-24 16:25:00,1886,Formosa,156.0,153.0,160.0,-2.0,2.5,PROVINCIA
2025-06-24 19:27:51,2025-06-24 16:20:00,1937,Jujuy,131.0,161.0,136.0,18.6,3.7,PROVINCIA
2025-06-24 19:27:52,2025-06-24 16:20:00,1933,Salta,324.0,354.0,279.0,8.5,-16.1,PROVINCIA
2025-06-24 19:27:53,2025-06-24 16:20:00,1936,Tucumán,404.0,422.0,400.0,4.3,-1.0,PROVINCIA
2025-06-24 19:27:54,2025-06-24 16:20:00,1938,Catamarca,169.0,153.0,137.0,-10.5,-23.4,PROVINCIA
2025-06-24 19:27:55,2025-06-24 16:20:00,1905,Santiago del Estero,240.0,231.0,210.0,-3.9,-14.3,PROVINCIA
2025-06-24 19:27:55,2025-06-24 16:20:00,1910,La Rioja,204.0,192.0,172.0,-6.2,-18.6,PROVINCIA
2025-06-24 19:27:56,2025-06-24 16:20:00,1077,Edenor,4278.0,4735.0,3891.0,9.7,-9.9,PROVINCIA
2025-06-24 19:27:57,2025-06-24 16:20:00,1078,Edesur,3418.0,3850.0,3321.0,11.2,-2.9,PROVINCIA
2025-06-24 19:27:58,2025-06-24 16:20:00,1943,Edelap,541.0,622.0,538.0,13.0,-0.6,PROVINCIA
2025-06-24 19:27:59,2025-06-24 16:20:00,1944,San Luis,210.0,225.0,184.0,6.7,-14.1,PROVINCIA
2025-06-24 19:28:00,2025-06-24 16:20:00,1945,Córdoba,1546.0,1631.0,1413.0,5.2,-9.4,PROVINCIA
2025-06-24 19:28:01,2025-06-24 16:20:00,2543,Chubut,695.0,690.0,670.0,-0.7,-3.7,PROVINCIA
2025-06-24 19:28:02,2025-06-24 16:20:00,2542,Santa Cruz,157.0,163.0,166.0,3.7,5.4,PROVINCIA
2025-06-24 19:28:06,2025-06-24 16:20:00,2540,Santa Fe,1856.0,1859.0,1733.0,0.2,-7.1,PROVINCIA
2025-06-24 19:28:07,2025-06-24 16:20:00,2541,Entre Ríos,480.0,502.0,487.0,4.4,1.4,PROVINCIA
2025-06-24 19:28:08,2025-06-24 16:20:00,2525,Río Negro,231.0,217.0,239.0,-6.5,3.3,PROVINCIA
2025-06-24 19:28:08,2025-06-24 16:20:00,427,La Pampa,151.0,162.0,153.0,6.8,1.3,PROVINCIA
2025-06-24 19:28:09,2025-06-24 16:20:00,2528,Neuquén,360.0,351.0,391.0,-2.6,7.9,PROVINCIA
2025-06-24 19:28:10,2025-06-24 16:20:00,425,Provincia de Buenos Aires,2633.0,2803.0,2394.0,6.1,-10.0,REGION
2025-06-24 19:28:11,2025-06-24 16:20:00,1922,San Juan,291.0,306.0,285.0,4.9,-2.1,PROVINCIA
2025-06-24 19:28:12,2025-06-24 16:20:00,1946,Mendoza,691.0,692.0,633.0,0.1,-9.2,PROVINCIA
2025-06-24 19:28:12,2025-06-24 16:25:00,418,NEA,1254.0,1250.0,1143.0,-0.3,-9.7,REGION
2025-06-24 19:28:13,2025-06-24 16:20:00,419,NOA,1497.0,1559.0,1376.0,4.0,-8.8,REGION
2025-06-24 19:28:14,2025-06-24 16:20:00,426,GBA,8472.0,9441.0,7928.0,10.3,-6.9,REGION
2025-06-24 19:28:15,2025-06-24 16:20:00,422,Centro,2137.0,1860.0,1608.0,-14.9,-32.9,REGION
2025-06-24 19:28:16,2025-06-24 16:20:00,111,Patagonia,899.0,892.0,845.0,-0.8,-6.4,REGION
2025-06-24 19:28:17,2025-06-24 16:20:00,417,Litoral,2340.0,2365.0,2221.0,1.1,-5.4,REGION
2025-06-24 19:28:17,2025-06-24 16:20:00,420,Comahue,712.0,730.0,765.0,2.5,6.9,REGION
2025-06-24 19:28:18,2025-06-24 16:25:00,429,Cuyo,986.0,994.0,922.0,0.8,-6.9,REGION
2025-06-24 19:28:19,2025-06-24 16:20:00,1002,Total del SADI,21168.0,22184.0,19460.0,4.6,-8.8,PAIS
2025-06-24 19:28:19 - Registro único
2025-06-24 19:36:53,2025-06-24 16:30:00,2426,Misiones,331.0,350.0,314.0,5.4,-5.4,PROVINCIA
2025-06-24 19:36:54,2025-06-24 16:30:00,1893,Corrientes,390.0,373.0,323.0,-4.6,-20.7,PROVINCIA
2025-06-24 19:36:55,2025-06-24 16:30:00,1892,Chaco,368.0,366.0,327.0,-0.5,-12.5,PROVINCIA
2025-06-24 19:36:57,2025-06-24 16:30:00,1886,Formosa,158.0,153.0,161.0,-3.3,1.9,PROVINCIA
2025-06-24 19:36:58,2025-06-24 16:30:00,1937,Jujuy,127.0,162.0,138.0,21.6,8.0,PROVINCIA
2025-06-24 19:36:58,2025-06-24 16:30:00,1933,Salta,320.0,353.0,281.0,9.3,-13.9,PROVINCIA
2025-06-24 19:36:59,2025-06-24 16:30:00,1936,Tucumán,402.0,416.0,398.0,3.4,-1.0,PROVINCIA
2025-06-24 19:37:00,2025-06-24 16:30:00,1938,Catamarca,169.0,154.0,139.0,-9.7,-21.6,PROVINCIA
2025-06-24 19:37:01,2025-06-24 16:30:00,1905,Santiago del Estero,241.0,229.0,215.0,-5.2,-12.1,PROVINCIA
2025-06-24 19:37:02,2025-06-24 16:30:00,1910,La Rioja,203.0,191.0,166.0,-6.3,-22.3,PROVINCIA
2025-06-24 19:37:03,2025-06-24 16:30:00,1077,Edenor,4269.0,4798.0,3890.0,11.0,-9.7,PROVINCIA
2025-06-24 19:37:04,2025-06-24 16:30:00,1078,Edesur,3418.0,3870.0,3308.0,11.7,-3.3,PROVINCIA
2025-06-24 19:37:05,2025-06-24 16:30:00,1943,Edelap,534.0,616.0,538.0,13.3,0.7,PROVINCIA
2025-06-24 19:37:06,2025-06-24 16:30:00,1944,San Luis,209.0,226.0,184.0,7.5,-13.6,PROVINCIA
2025-06-24 19:37:07,2025-06-24 16:30:00,1945,Córdoba,1548.0,1628.0,1410.0,4.9,-9.8,PROVINCIA
2025-06-24 19:37:08,2025-06-24 16:30:00,2543,Chubut,700.0,689.0,668.0,-1.6,-4.8,PROVINCIA
2025-06-24 19:37:09,2025-06-24 16:30:00,2542,Santa Cruz,154.0,163.0,161.0,5.5,4.3,PROVINCIA
2025-06-24 19:37:11,2025-06-24 16:30:00,2540,Santa Fe,1863.0,1863.0,1648.0,0.0,-13.0,PROVINCIA
2025-06-24 19:37:12,2025-06-24 16:30:00,2541,Entre Ríos,466.0,509.0,485.0,8.4,3.9,PROVINCIA
2025-06-24 19:37:13,2025-06-24 16:30:00,2525,Río Negro,231.0,216.0,238.0,-6.9,2.9,PROVINCIA
2025-06-24 19:37:14,2025-06-24 16:30:00,427,La Pampa,140.0,169.0,169.0,17.2,17.2,PROVINCIA
2025-06-24 19:37:15,2025-06-24 16:30:00,2528,Neuquén,358.0,358.0,384.0,0.0,6.8,PROVINCIA
2025-06-24 19:37:16,2025-06-24 16:30:00,425,Provincia de Buenos Aires,2664.0,2830.0,2367.0,5.9,-12.5,REGION
2025-06-24 19:37:17,2025-06-24 16:30:00,1922,San Juan,290.0,306.0,282.0,5.2,-2.8,PROVINCIA
2025-06-24 19:37:18,2025-06-24 16:35:00,1946,Mendoza,690.0,686.0,638.0,-0.6,-8.2,PROVINCIA
2025-06-24 19:37:19,2025-06-24 16:35:00,418,NEA,1262.0,1260.0,1143.0,-0.2,-10.4,REGION
2025-06-24 19:37:20,2025-06-24 16:30:00,419,NOA,1492.0,1553.0,1369.0,3.9,-9.0,REGION
2025-06-24 19:37:21,2025-06-24 16:30:00,426,GBA,8457.0,9509.0,7943.0,11.1,-6.5,REGION
2025-06-24 19:37:22,2025-06-24 16:30:00,422,Centro,2136.0,1860.0,1605.0,-14.8,-33.1,REGION
2025-06-24 19:37:23,2025-06-24 16:30:00,111,Patagonia,904.0,888.0,846.0,-1.8,-6.9,REGION
2025-06-24 19:37:24,2025-06-24 16:30:00,417,Litoral,2331.0,2374.0,2135.0,1.8,-9.2,REGION
2025-06-24 19:37:25,2025-06-24 16:30:00,420,Comahue,705.0,738.0,764.0,4.5,7.7,REGION
2025-06-24 19:37:26,2025-06-24 16:30:00,429,Cuyo,983.0,995.0,926.0,1.2,-6.2,REGION
2025-06-24 19:37:27,2025-06-24 16:30:00,1002,Total del SADI,21201.0,22282.0,19337.0,4.9,-9.6,PAIS
2025-06-24 19:37:27 - Registro único
2025-06-24 19:43:57,2025-06-24 16:35:00,2426,Misiones,335.0,355.0,312.0,5.6,-7.4,PROVINCIA
2025-06-24 19:43:58,2025-06-24 16:40:00,1893,Corrientes,396.0,381.0,337.0,-3.9,-17.5,PROVINCIA
2025-06-24 19:43:59,2025-06-24 16:35:00,1892,Chaco,368.0,361.0,327.0,-1.9,-12.5,PROVINCIA
2025-06-24 19:44:00,2025-06-24 16:40:00,1886,Formosa,160.0,156.0,163.0,-2.6,1.8,PROVINCIA
2025-06-24 19:44:01,2025-06-24 16:40:00,1937,Jujuy,126.0,168.0,134.0,25.0,6.0,PROVINCIA
2025-06-24 19:44:02,2025-06-24 16:40:00,1933,Salta,324.0,351.0,282.0,7.7,-14.9,PROVINCIA
2025-06-24 19:44:04,2025-06-24 16:40:00,1936,Tucumán,400.0,418.0,396.0,4.3,-1.0,PROVINCIA
2025-06-24 19:44:05,2025-06-24 16:40:00,1938,Catamarca,169.0,153.0,135.0,-10.5,-25.2,PROVINCIA
2025-06-24 19:44:06,2025-06-24 16:40:00,1905,Santiago del Estero,239.0,234.0,219.0,-2.1,-9.1,PROVINCIA
2025-06-24 19:44:06,2025-06-24 16:40:00,1910,La Rioja,203.0,190.0,168.0,-6.8,-20.8,PROVINCIA
2025-06-24 19:44:07,2025-06-24 16:35:00,1077,Edenor,4271.0,4794.0,3894.0,10.9,-9.7,PROVINCIA
2025-06-24 19:44:08,2025-06-24 16:35:00,1078,Edesur,3427.0,3863.0,3298.0,11.3,-3.9,PROVINCIA
2025-06-24 19:44:09,2025-06-24 16:35:00,1943,Edelap,542.0,615.0,537.0,11.9,-0.9,PROVINCIA
2025-06-24 19:44:09,2025-06-24 16:40:00,1944,San Luis,208.0,228.0,183.0,8.8,-13.7,PROVINCIA
2025-06-24 19:44:10,2025-06-24 16:35:00,1945,Córdoba,1544.0,1638.0,1415.0,5.7,-9.1,PROVINCIA
2025-06-24 19:44:11,2025-06-24 16:40:00,2543,Chubut,697.0,692.0,667.0,-0.7,-4.5,PROVINCIA
2025-06-24 19:44:12,2025-06-24 16:40:00,2542,Santa Cruz,158.0,163.0,169.0,3.1,6.5,PROVINCIA
2025-06-24 19:44:13,2025-06-24 16:40:00,2540,Santa Fe,1859.0,1869.0,1717.0,0.5,-8.3,PROVINCIA
2025-06-24 19:44:14,2025-06-24 16:40:00,2541,Entre Ríos,493.0,505.0,490.0,2.4,-0.6,PROVINCIA
2025-06-24 19:44:15,2025-06-24 16:40:00,2525,Río Negro,235.0,215.0,234.0,-9.3,-0.4,PROVINCIA
2025-06-24 19:44:16,2025-06-24 16:40:00,427,La Pampa,139.0,167.0,168.0,16.8,17.3,PROVINCIA
2025-06-24 19:44:17,2025-06-24 16:40:00,2528,Neuquén,359.0,359.0,390.0,0.0,7.9,PROVINCIA
2025-06-24 19:44:18,2025-06-24 16:35:00,425,Provincia de Buenos Aires,2642.0,2749.0,2441.0,3.9,-8.2,REGION
2025-06-24 19:44:19,2025-06-24 16:40:00,1922,San Juan,286.0,303.0,285.0,5.6,-0.4,PROVINCIA
2025-06-24 19:44:19,2025-06-24 16:40:00,1946,Mendoza,684.0,682.0,637.0,-0.3,-7.4,PROVINCIA
2025-06-24 19:44:20,2025-06-24 16:40:00,418,NEA,1268.0,1263.0,1153.0,-0.4,-10.0,REGION
2025-06-24 19:44:21,2025-06-24 16:35:00,419,NOA,1490.0,1556.0,1369.0,4.2,-8.8,REGION
2025-06-24 19:44:22,2025-06-24 16:35:00,426,GBA,8454.0,9495.0,7914.0,11.0,-6.8,REGION
2025-06-24 19:44:23,2025-06-24 16:35:00,422,Centro,2135.0,1869.0,1604.0,-14.2,-33.1,REGION
2025-06-24 19:44:23,2025-06-24 16:35:00,111,Patagonia,916.0,883.0,842.0,-3.7,-8.8,REGION
2025-06-24 19:44:24,2025-06-24 16:35:00,417,Litoral,2332.0,2363.0,2202.0,1.3,-5.9,REGION
2025-06-24 19:44:25,2025-06-24 16:35:00,420,Comahue,698.0,722.0,796.0,3.3,12.3,REGION
2025-06-24 19:44:26,2025-06-24 16:35:00,429,Cuyo,980.0,996.0,923.0,1.6,-6.2,REGION
2025-06-24 19:44:28,2025-06-24 16:40:00,1002,Total del SADI,21129.0,22227.0,19540.0,4.9,-8.1,PAIS
2025-06-24 19:44:28 - Registro único
2025-06-24 19:51:11,2025-06-24 16:40:00,2426,Misiones,343.0,351.0,315.0,2.3,-8.9,PROVINCIA
2025-06-24 19:51:12,2025-06-24 16:45:00,1893,Corrientes,396.0,388.0,344.0,-2.1,-15.1,PROVINCIA
2025-06-24 19:51:13,2025-06-24 16:45:00,1892,Chaco,375.0,366.0,330.0,-2.5,-13.6,PROVINCIA
2025-06-24 19:51:14,2025-06-24 16:45:00,1886,Formosa,160.0,156.0,161.0,-2.6,0.6,PROVINCIA
2025-06-24 19:51:15,2025-06-24 16:45:00,1937,Jujuy,125.0,168.0,136.0,25.6,8.1,PROVINCIA
2025-06-24 19:51:16,2025-06-24 16:45:00,1933,Salta,327.0,349.0,284.0,6.3,-15.1,PROVINCIA
2025-06-24 19:51:16,2025-06-24 16:45:00,1936,Tucumán,402.0,419.0,397.0,4.1,-1.3,PROVINCIA
2025-06-24 19:51:17,2025-06-24 16:45:00,1938,Catamarca,168.0,152.0,138.0,-10.5,-21.7,PROVINCIA
2025-06-24 19:51:18,2025-06-24 16:45:00,1905,Santiago del Estero,242.0,230.0,224.0,-5.2,-8.0,PROVINCIA
2025-06-24 19:51:19,2025-06-24 16:45:00,1910,La Rioja,202.0,192.0,163.0,-5.2,-23.9,PROVINCIA
2025-06-24 19:51:20,2025-06-24 16:45:00,1077,Edenor,4231.0,4813.0,3901.0,12.1,-8.5,PROVINCIA
2025-06-24 19:51:21,2025-06-24 16:45:00,1078,Edesur,3409.0,3845.0,3313.0,11.3,-2.9,PROVINCIA
2025-06-24 19:51:21,2025-06-24 16:45:00,1943,Edelap,538.0,625.0,537.0,13.9,-0.2,PROVINCIA
2025-06-24 19:51:22,2025-06-24 16:45:00,1944,San Luis,206.0,231.0,181.0,10.8,-13.8,PROVINCIA
2025-06-24 19:51:23,2025-06-24 16:45:00,1945,Córdoba,1547.0,1629.0,1419.0,5.0,-9.0,PROVINCIA
2025-06-24 19:51:24,2025-06-24 16:45:00,2543,Chubut,697.0,685.0,664.0,-1.8,-5.0,PROVINCIA
2025-06-24 19:51:25,2025-06-24 16:45:00,2542,Santa Cruz,157.0,158.0,176.0,0.6,10.8,PROVINCIA
2025-06-24 19:51:26,2025-06-24 16:45:00,2540,Santa Fe,1761.0,1860.0,1719.0,5.3,-2.4,PROVINCIA
2025-06-24 19:51:27,2025-06-24 16:45:00,2541,Entre Ríos,493.0,495.0,495.0,0.4,0.4,PROVINCIA
2025-06-24 19:51:28,2025-06-24 16:45:00,2525,Río Negro,230.0,210.0,235.0,-9.5,2.1,PROVINCIA
2025-06-24 19:51:29,2025-06-24 16:45:00,427,La Pampa,143.0,163.0,172.0,12.3,16.9,PROVINCIA
2025-06-24 19:51:30,2025-06-24 16:45:00,2528,Neuquén,361.0,364.0,394.0,0.8,8.4,PROVINCIA
2025-06-24 19:51:30,2025-06-24 16:45:00,425,Provincia de Buenos Aires,2640.0,2775.0,2500.0,4.9,-5.6,REGION
2025-06-24 19:51:31,2025-06-24 16:45:00,1922,San Juan,286.0,306.0,283.0,6.5,-1.1,PROVINCIA
2025-06-24 19:51:32,2025-06-24 16:45:00,1946,Mendoza,686.0,682.0,631.0,-0.6,-8.7,PROVINCIA
2025-06-24 19:51:33,2025-06-24 16:45:00,418,NEA,1275.0,1279.0,1163.0,0.3,-9.6,REGION
2025-06-24 19:51:34,2025-06-24 16:45:00,419,NOA,1491.0,1556.0,1365.0,4.2,-9.2,REGION
2025-06-24 19:51:34,2025-06-24 16:45:00,426,GBA,8398.0,9512.0,7941.0,11.7,-5.8,REGION
2025-06-24 19:51:35,2025-06-24 16:45:00,422,Centro,2136.0,1865.0,1612.0,-14.5,-32.5,REGION
2025-06-24 19:51:36,2025-06-24 16:45:00,111,Patagonia,902.0,885.0,845.0,-1.9,-6.7,REGION
2025-06-24 19:51:37,2025-06-24 16:45:00,417,Litoral,2257.0,2358.0,2216.0,4.3,-1.9,REGION
2025-06-24 19:51:38,2025-06-24 16:45:00,420,Comahue,701.0,740.0,785.0,5.3,10.7,REGION
2025-06-24 19:51:38,2025-06-24 16:45:00,429,Cuyo,978.0,992.0,915.0,1.4,-6.9,REGION
2025-06-24 19:51:39,2025-06-24 16:45:00,1002,Total del SADI,21032.0,22256.0,19591.0,5.5,-7.4,PAIS
2025-06-24 19:51:39 - Registro único
2025-06-24 19:58:09,2025-06-24 16:55:00,2426,Misiones,345.0,360.0,324.0,4.2,-6.5,PROVINCIA
2025-06-24 19:58:10,2025-06-24 16:50:00,1893,Corrientes,394.0,375.0,336.0,-5.1,-17.3,PROVINCIA
2025-06-24 19:58:11,2025-06-24 16:55:00,1892,Chaco,369.0,373.0,339.0,1.1,-8.8,PROVINCIA
2025-06-24 19:58:12,2025-06-24 16:50:00,1886,Formosa,161.0,156.0,163.0,-3.2,1.2,PROVINCIA
2025-06-24 19:58:12,2025-06-24 16:55:00,1937,Jujuy,127.0,168.0,132.0,24.4,3.8,PROVINCIA
2025-06-24 19:58:14,2025-06-24 16:55:00,1933,Salta,325.0,352.0,279.0,7.7,-16.5,PROVINCIA
2025-06-24 19:58:14,2025-06-24 16:55:00,1936,Tucumán,403.0,422.0,403.0,4.5,0.0,PROVINCIA
2025-06-24 19:58:15,2025-06-24 16:55:00,1938,Catamarca,168.0,153.0,139.0,-9.8,-20.9,PROVINCIA
2025-06-24 19:58:16,2025-06-24 16:55:00,1905,Santiago del Estero,244.0,235.0,222.0,-3.8,-9.9,PROVINCIA
2025-06-24 19:58:17,2025-06-24 16:55:00,1910,La Rioja,201.0,192.0,164.0,-4.7,-22.6,PROVINCIA
2025-06-24 19:58:18,2025-06-24 16:50:00,1077,Edenor,4241.0,4821.0,3913.0,12.0,-8.4,PROVINCIA
2025-06-24 19:58:18,2025-06-24 16:50:00,1078,Edesur,3399.0,3850.0,3317.0,11.7,-2.5,PROVINCIA
2025-06-24 19:58:19,2025-06-24 16:55:00,1943,Edelap,531.0,620.0,542.0,14.4,2.0,PROVINCIA
2025-06-24 19:58:20,2025-06-24 16:55:00,1944,San Luis,207.0,232.0,182.0,10.8,-13.7,PROVINCIA
2025-06-24 19:58:21,2025-06-24 16:50:00,1945,Córdoba,1544.0,1623.0,1425.0,4.9,-8.4,PROVINCIA
2025-06-24 19:58:22,2025-06-24 16:55:00,2543,Chubut,698.0,683.0,671.0,-2.2,-4.0,PROVINCIA
2025-06-24 19:58:23,2025-06-24 16:55:00,2542,Santa Cruz,155.0,157.0,180.0,1.3,13.9,PROVINCIA
2025-06-24 19:58:24,2025-06-24 16:55:00,2540,Santa Fe,1831.0,1946.0,1640.0,5.9,-11.6,PROVINCIA
2025-06-24 19:58:25,2025-06-24 16:55:00,2541,Entre Ríos,483.0,506.0,489.0,4.5,1.2,PROVINCIA
2025-06-24 19:58:26,2025-06-24 16:55:00,2525,Río Negro,232.0,215.0,238.0,-7.9,2.5,PROVINCIA
2025-06-24 19:58:26,2025-06-24 16:55:00,427,La Pampa,146.0,165.0,175.0,11.5,16.6,PROVINCIA
2025-06-24 19:58:27,2025-06-24 16:55:00,2528,Neuquén,360.0,361.0,401.0,0.3,10.2,PROVINCIA
2025-06-24 19:58:28,2025-06-24 16:55:00,425,Provincia de Buenos Aires,2594.0,2726.0,2452.0,4.8,-5.8,REGION
2025-06-24 19:58:29,2025-06-24 16:55:00,1922,San Juan,287.0,303.0,279.0,5.3,-2.9,PROVINCIA
2025-06-24 19:58:30,2025-06-24 16:50:00,1946,Mendoza,681.0,693.0,628.0,1.7,-8.4,PROVINCIA
2025-06-24 19:58:31,2025-06-24 16:55:00,418,NEA,1276.0,1283.0,1191.0,0.5,-7.1,REGION
2025-06-24 19:58:31,2025-06-24 16:55:00,419,NOA,1491.0,1558.0,1375.0,4.3,-8.4,REGION
2025-06-24 19:58:32,2025-06-24 16:55:00,426,GBA,8404.0,9512.0,7955.0,11.6,-5.6,REGION
2025-06-24 19:58:33,2025-06-24 16:55:00,422,Centro,2131.0,1861.0,1623.0,-14.5,-31.3,REGION
2025-06-24 19:58:34,2025-06-24 16:55:00,111,Patagonia,903.0,885.0,849.0,-2.0,-6.4,REGION
2025-06-24 19:58:35,2025-06-24 16:55:00,417,Litoral,2312.0,2452.0,2132.0,5.7,-8.4,REGION
2025-06-24 19:58:36,2025-06-24 16:55:00,420,Comahue,706.0,738.0,799.0,4.3,11.6,REGION
2025-06-24 19:58:37,2025-06-24 16:55:00,429,Cuyo,975.0,994.0,910.0,1.9,-7.1,REGION
2025-06-24 19:58:37,2025-06-24 16:50:00,1002,Total del SADI,20905.0,22136.0,19461.0,5.6,-7.4,PAIS
2025-06-24 19:58:37 - Registro único
2025-06-24 20:21:24,2025-06-24 17:15:00,2426,Misiones,356.0,368.0,322.0,3.3,-10.6,PROVINCIA
2025-06-24 20:21:25,2025-06-24 17:15:00,1893,Corrientes,397.0,389.0,343.0,-2.1,-15.7,PROVINCIA
2025-06-24 20:21:26,2025-06-24 17:15:00,1892,Chaco,385.0,375.0,339.0,-2.7,-13.6,PROVINCIA
2025-06-24 20:21:27,2025-06-24 17:15:00,1886,Formosa,166.0,158.0,168.0,-5.1,1.2,PROVINCIA
2025-06-24 20:21:28,2025-06-24 17:15:00,1937,Jujuy,133.0,171.0,129.0,22.2,-3.1,PROVINCIA
2025-06-24 20:21:29,2025-06-24 17:15:00,1933,Salta,321.0,346.0,282.0,7.2,-13.8,PROVINCIA
2025-06-24 20:21:30,2025-06-24 17:15:00,1936,Tucumán,424.0,428.0,414.0,0.9,-2.4,PROVINCIA
2025-06-24 20:21:30,2025-06-24 17:15:00,1938,Catamarca,149.0,154.0,139.0,3.2,-7.2,PROVINCIA
2025-06-24 20:21:31,2025-06-24 17:15:00,1905,Santiago del Estero,247.0,239.0,229.0,-3.3,-7.9,PROVINCIA
2025-06-24 20:21:32,2025-06-24 17:15:00,1910,La Rioja,204.0,194.0,158.0,-5.2,-29.1,PROVINCIA
2025-06-24 20:21:33,2025-06-24 17:15:00,1077,Edenor,4295.0,4838.0,3954.0,11.2,-8.6,PROVINCIA
2025-06-24 20:21:34,2025-06-24 17:15:00,1078,Edesur,3425.0,3827.0,3287.0,10.5,-4.2,PROVINCIA
2025-06-24 20:21:35,2025-06-24 17:15:00,1943,Edelap,550.0,622.0,547.0,11.6,-0.5,PROVINCIA
2025-06-24 20:21:36,2025-06-24 17:15:00,1944,San Luis,211.0,231.0,199.0,8.7,-6.0,PROVINCIA
2025-06-24 20:21:37,2025-06-24 17:20:00,1945,Córdoba,1557.0,1643.0,1435.0,5.2,-8.5,PROVINCIA
2025-06-24 20:21:38,2025-06-24 17:15:00,2543,Chubut,706.0,695.0,663.0,-1.6,-6.5,PROVINCIA
2025-06-24 20:21:39,2025-06-24 17:15:00,2542,Santa Cruz,158.0,159.0,167.0,0.6,5.4,PROVINCIA
2025-06-24 20:21:40,2025-06-24 17:15:00,2540,Santa Fe,1849.0,1968.0,1725.0,6.0,-7.2,PROVINCIA
2025-06-24 20:21:41,2025-06-24 17:15:00,2541,Entre Ríos,502.0,506.0,496.0,0.8,-1.2,PROVINCIA
2025-06-24 20:21:42,2025-06-24 17:15:00,2525,Río Negro,232.0,213.0,239.0,-8.9,2.9,PROVINCIA
2025-06-24 20:21:43,2025-06-24 17:15:00,427,La Pampa,149.0,168.0,167.0,11.3,10.8,PROVINCIA
2025-06-24 20:21:44,2025-06-24 17:15:00,2528,Neuquén,370.0,363.0,402.0,-1.9,8.0,PROVINCIA
2025-06-24 20:21:45,2025-06-24 17:20:00,425,Provincia de Buenos Aires,2550.0,2804.0,2474.0,9.1,-3.1,REGION
2025-06-24 20:21:45,2025-06-24 17:15:00,1922,San Juan,284.0,300.0,274.0,5.3,-3.6,PROVINCIA
2025-06-24 20:21:46,2025-06-24 17:15:00,1946,Mendoza,690.0,675.0,625.0,-2.2,-10.4,PROVINCIA
2025-06-24 20:21:47,2025-06-24 17:15:00,418,NEA,1321.0,1303.0,1182.0,-1.4,-11.8,REGION
2025-06-24 20:21:48,2025-06-24 17:20:00,419,NOA,1510.0,1583.0,1382.0,4.6,-9.3,REGION
2025-06-24 20:21:49,2025-06-24 17:20:00,426,GBA,8481.0,9561.0,8014.0,11.3,-5.8,REGION
2025-06-24 20:21:50,2025-06-24 17:15:00,422,Centro,1965.0,1884.0,1639.0,-4.3,-19.9,REGION
2025-06-24 20:21:51,2025-06-24 17:15:00,111,Patagonia,908.0,896.0,842.0,-1.3,-7.8,REGION
2025-06-24 20:21:52,2025-06-24 17:15:00,417,Litoral,2354.0,2476.0,2223.0,4.9,-5.9,REGION
2025-06-24 20:21:53,2025-06-24 17:20:00,420,Comahue,718.0,747.0,790.0,3.9,9.1,REGION
2025-06-24 20:21:54,2025-06-24 17:20:00,429,Cuyo,965.0,970.0,900.0,0.5,-7.2,REGION
2025-06-24 20:21:55,2025-06-24 17:15:00,1002,Total del SADI,21165.0,22491.0,19668.0,5.9,-7.6,PAIS
2025-06-24 20:21:55 - Registro único
2025-06-24 20:37:58,2025-06-24 17:30:00,2426,Misiones,364.0,385.0,323.0,5.5,-12.7,PROVINCIA
2025-06-24 20:37:59,2025-06-24 17:35:00,1893,Corrientes,411.0,400.0,349.0,-2.8,-17.8,PROVINCIA
2025-06-24 20:38:00,2025-06-24 17:30:00,1892,Chaco,376.0,383.0,345.0,1.8,-9.0,PROVINCIA
2025-06-24 20:38:01,2025-06-24 17:35:00,1886,Formosa,169.0,161.0,168.0,-5.0,-0.6,PROVINCIA
2025-06-24 20:38:02,2025-06-24 17:30:00,1937,Jujuy,137.0,170.0,134.0,19.4,-2.2,PROVINCIA
2025-06-24 20:38:03,2025-06-24 17:30:00,1933,Salta,324.0,351.0,285.0,7.7,-13.7,PROVINCIA
2025-06-24 20:38:04,2025-06-24 17:30:00,1936,Tucumán,422.0,435.0,410.0,3.0,-2.9,PROVINCIA
2025-06-24 20:38:05,2025-06-24 17:30:00,1938,Catamarca,149.0,154.0,139.0,3.2,-7.2,PROVINCIA
2025-06-24 20:38:06,2025-06-24 17:30:00,1905,Santiago del Estero,256.0,246.0,234.0,-4.1,-9.4,PROVINCIA
2025-06-24 20:38:07,2025-06-24 17:35:00,1910,La Rioja,198.0,195.0,158.0,-1.5,-25.3,PROVINCIA
2025-06-24 20:38:08,2025-06-24 17:35:00,1077,Edenor,4335.0,4888.0,4026.0,11.3,-7.7,PROVINCIA
2025-06-24 20:38:09,2025-06-24 17:35:00,1078,Edesur,3426.0,3856.0,3310.0,11.2,-3.5,PROVINCIA
2025-06-24 20:38:10,2025-06-24 17:35:00,1943,Edelap,573.0,643.0,556.0,10.9,-3.1,PROVINCIA
2025-06-24 20:38:10,2025-06-24 17:35:00,1944,San Luis,213.0,235.0,201.0,9.4,-6.0,PROVINCIA
2025-06-24 20:38:11,2025-06-24 17:30:00,1945,Córdoba,1553.0,1648.0,1443.0,5.8,-7.6,PROVINCIA
2025-06-24 20:38:12,2025-06-24 17:35:00,2543,Chubut,705.0,695.0,670.0,-1.4,-5.2,PROVINCIA
2025-06-24 20:38:13,2025-06-24 17:35:00,2542,Santa Cruz,162.0,162.0,183.0,0.0,11.5,PROVINCIA
2025-06-24 20:38:15,2025-06-24 17:35:00,2540,Santa Fe,1747.0,1955.0,1726.0,10.6,-1.2,PROVINCIA
2025-06-24 20:38:16,2025-06-24 17:35:00,2541,Entre Ríos,490.0,514.0,509.0,4.7,3.7,PROVINCIA
2025-06-24 20:38:17,2025-06-24 17:35:00,2525,Río Negro,231.0,208.0,239.0,-11.1,3.3,PROVINCIA
2025-06-24 20:38:18,2025-06-24 17:35:00,427,La Pampa,152.0,181.0,175.0,16.0,13.1,PROVINCIA
2025-06-24 20:38:19,2025-06-24 17:35:00,2528,Neuquén,376.0,376.0,419.0,0.0,10.3,PROVINCIA
2025-06-24 20:38:21,2025-06-24 17:35:00,425,Provincia de Buenos Aires,2738.0,2871.0,2499.0,4.6,-9.6,REGION
2025-06-24 20:38:22,2025-06-24 17:35:00,1922,San Juan,274.0,294.0,271.0,6.8,-1.1,PROVINCIA
2025-06-24 20:38:23,2025-06-24 17:35:00,1946,Mendoza,681.0,669.0,619.0,-1.8,-10.0,PROVINCIA
2025-06-24 20:38:24,2025-06-24 17:30:00,418,NEA,1321.0,1339.0,1199.0,1.3,-10.2,REGION
2025-06-24 20:38:25,2025-06-24 17:30:00,419,NOA,1525.0,1600.0,1386.0,4.7,-10.0,REGION
2025-06-24 20:38:27,2025-06-24 17:35:00,426,GBA,8548.0,9613.0,8075.0,11.1,-5.9,REGION
2025-06-24 20:38:29,2025-06-24 17:30:00,422,Centro,1959.0,1891.0,1654.0,-3.6,-18.4,REGION
2025-06-24 20:38:30,2025-06-24 17:35:00,111,Patagonia,910.0,900.0,850.0,-1.1,-7.1,REGION
2025-06-24 20:38:31,2025-06-24 17:35:00,417,Litoral,2242.0,2469.0,2236.0,9.2,-0.3,REGION
2025-06-24 20:38:32,2025-06-24 17:35:00,420,Comahue,733.0,789.0,826.0,7.1,11.3,REGION
2025-06-24 20:38:34,2025-06-24 17:35:00,429,Cuyo,960.0,966.0,891.0,0.6,-7.7,REGION
2025-06-24 20:38:35,2025-06-24 17:30:00,1002,Total del SADI,21156.0,22484.0,19636.0,5.9,-7.7,PAIS
2025-06-24 20:38:35 - Registro único
2025-06-24 20:48:45,2025-06-24 17:40:00,2426,Misiones,375.0,354.0,325.0,-5.9,-15.4,PROVINCIA
2025-06-24 20:48:45,2025-06-24 17:45:00,1893,Corrientes,417.0,404.0,340.0,-3.2,-22.6,PROVINCIA
2025-06-24 20:48:46,2025-06-24 17:40:00,1892,Chaco,379.0,385.0,345.0,1.6,-9.9,PROVINCIA
2025-06-24 20:48:47,2025-06-24 17:45:00,1886,Formosa,171.0,163.0,169.0,-4.9,-1.2,PROVINCIA
2025-06-24 20:48:48,2025-06-24 17:40:00,1937,Jujuy,134.0,171.0,137.0,21.6,2.2,PROVINCIA
2025-06-24 20:48:49,2025-06-24 17:40:00,1933,Salta,322.0,352.0,285.0,8.5,-13.0,PROVINCIA
2025-06-24 20:48:49,2025-06-24 17:40:00,1936,Tucumán,423.0,440.0,410.0,3.9,-3.2,PROVINCIA
2025-06-24 20:48:50,2025-06-24 17:40:00,1938,Catamarca,151.0,155.0,138.0,2.6,-9.4,PROVINCIA
2025-06-24 20:48:51,2025-06-24 17:40:00,1905,Santiago del Estero,255.0,247.0,237.0,-3.2,-7.6,PROVINCIA
2025-06-24 20:48:52,2025-06-24 17:45:00,1910,La Rioja,198.0,194.0,161.0,-2.1,-23.0,PROVINCIA
2025-06-24 20:48:52,2025-06-24 17:45:00,1077,Edenor,4372.0,4909.0,4050.0,10.9,-8.0,PROVINCIA
2025-06-24 20:48:53,2025-06-24 17:45:00,1078,Edesur,3460.0,3851.0,3359.0,10.2,-3.0,PROVINCIA
2025-06-24 20:48:54,2025-06-24 17:45:00,1943,Edelap,569.0,657.0,565.0,13.4,-0.7,PROVINCIA
2025-06-24 20:48:55,2025-06-24 17:45:00,1944,San Luis,215.0,234.0,202.0,8.1,-6.4,PROVINCIA
2025-06-24 20:48:55,2025-06-24 17:45:00,1945,Córdoba,1562.0,1654.0,1457.0,5.6,-7.2,PROVINCIA
2025-06-24 20:48:56,2025-06-24 17:45:00,2543,Chubut,695.0,692.0,671.0,-0.4,-3.6,PROVINCIA
2025-06-24 20:48:57,2025-06-24 17:45:00,2542,Santa Cruz,168.0,167.0,178.0,-0.6,5.6,PROVINCIA
2025-06-24 20:48:58,2025-06-24 17:45:00,2540,Santa Fe,1873.0,1961.0,1709.0,4.5,-9.6,PROVINCIA
2025-06-24 20:48:59,2025-06-24 17:45:00,2541,Entre Ríos,504.0,529.0,514.0,4.7,1.9,PROVINCIA
2025-06-24 20:49:00,2025-06-24 17:45:00,2525,Río Negro,233.0,216.0,238.0,-7.9,2.1,PROVINCIA
2025-06-24 20:49:01,2025-06-24 17:45:00,427,La Pampa,169.0,158.0,166.0,-7.0,-1.8,PROVINCIA
2025-06-24 20:49:01,2025-06-24 17:45:00,2528,Neuquén,366.0,357.0,403.0,-2.5,9.2,PROVINCIA
2025-06-24 20:49:02,2025-06-24 17:45:00,425,Provincia de Buenos Aires,2652.0,2787.0,2448.0,4.8,-8.3,REGION
2025-06-24 20:49:04,2025-06-24 17:45:00,1922,San Juan,277.0,295.0,273.0,6.1,-1.5,PROVINCIA
2025-06-24 20:49:05,2025-06-24 17:40:00,1946,Mendoza,690.0,667.0,613.0,-3.4,-12.6,PROVINCIA
2025-06-24 20:49:06,2025-06-24 17:45:00,418,NEA,1361.0,1327.0,1191.0,-2.6,-14.3,REGION
2025-06-24 20:49:07,2025-06-24 17:35:00,419,NOA,1524.0,1592.0,1379.0,4.3,-10.5,REGION
2025-06-24 20:49:07,2025-06-24 17:45:00,426,GBA,8631.0,9637.0,8184.0,10.4,-5.5,REGION
2025-06-24 20:49:08,2025-06-24 17:45:00,422,Centro,1781.0,1904.0,1670.0,6.5,-6.6,REGION
2025-06-24 20:49:09,2025-06-24 17:45:00,111,Patagonia,899.0,899.0,851.0,0.0,-5.6,REGION
2025-06-24 20:49:10,2025-06-24 17:45:00,417,Litoral,2378.0,2493.0,2227.0,4.6,-6.8,REGION
2025-06-24 20:49:11,2025-06-24 17:45:00,420,Comahue,747.0,729.0,797.0,-2.5,6.3,REGION
2025-06-24 20:49:11,2025-06-24 17:45:00,429,Cuyo,968.0,980.0,892.0,1.2,-8.5,REGION
2025-06-24 20:49:12,2025-06-24 17:40:00,1002,Total del SADI,21068.0,22686.0,20005.0,7.1,-5.3,PAIS
2025-06-24 20:49:12 - Registro único
2025-06-24 20:55:58,2025-06-24 17:50:00,2426,Misiones,386.0,354.0,327.0,-9.0,-18.0,PROVINCIA
2025-06-24 20:55:59,2025-06-24 17:50:00,1893,Corrientes,402.0,404.0,356.0,0.5,-12.9,PROVINCIA
2025-06-24 20:56:00,2025-06-24 17:50:00,1892,Chaco,380.0,386.0,347.0,1.6,-9.5,PROVINCIA
2025-06-24 20:56:01,2025-06-24 17:50:00,1886,Formosa,171.0,166.0,171.0,-3.0,0.0,PROVINCIA
2025-06-24 20:56:02,2025-06-24 17:50:00,1937,Jujuy,137.0,170.0,135.0,19.4,-1.5,PROVINCIA
2025-06-24 20:56:03,2025-06-24 17:50:00,1933,Salta,325.0,356.0,281.0,8.7,-15.7,PROVINCIA
2025-06-24 20:56:04,2025-06-24 17:50:00,1936,Tucumán,429.0,440.0,415.0,2.5,-3.4,PROVINCIA
2025-06-24 20:56:04,2025-06-24 17:50:00,1938,Catamarca,151.0,157.0,139.0,3.8,-8.6,PROVINCIA
2025-06-24 20:56:05,2025-06-24 17:50:00,1905,Santiago del Estero,252.0,256.0,241.0,1.6,-4.6,PROVINCIA
2025-06-24 20:56:06,2025-06-24 17:50:00,1910,La Rioja,197.0,192.0,159.0,-2.6,-23.9,PROVINCIA
2025-06-24 20:56:07,2025-06-24 17:50:00,1077,Edenor,4414.0,4927.0,4085.0,10.4,-8.1,PROVINCIA
2025-06-24 20:56:08,2025-06-24 17:50:00,1078,Edesur,3469.0,3873.0,3366.0,10.4,-3.1,PROVINCIA
2025-06-24 20:56:09,2025-06-24 17:50:00,1943,Edelap,579.0,656.0,579.0,11.7,0.0,PROVINCIA
2025-06-24 20:56:10,2025-06-24 17:50:00,1944,San Luis,216.0,234.0,203.0,7.7,-6.4,PROVINCIA
2025-06-24 20:56:11,2025-06-24 17:50:00,1945,Córdoba,1558.0,1657.0,1450.0,6.0,-7.4,PROVINCIA
2025-06-24 20:56:11,2025-06-24 17:50:00,2543,Chubut,704.0,699.0,675.0,-0.7,-4.3,PROVINCIA
2025-06-24 20:56:12,2025-06-24 17:50:00,2542,Santa Cruz,169.0,164.0,183.0,-3.0,7.7,PROVINCIA
2025-06-24 20:56:14,2025-06-24 17:50:00,2540,Santa Fe,1775.0,1871.0,1743.0,5.1,-1.8,PROVINCIA
2025-06-24 20:56:15,2025-06-24 17:50:00,2541,Entre Ríos,525.0,535.0,518.0,1.9,-1.4,PROVINCIA
2025-06-24 20:56:15,2025-06-24 17:50:00,2525,Río Negro,226.0,219.0,238.0,-3.2,5.0,PROVINCIA
2025-06-24 20:56:16,2025-06-24 17:50:00,427,La Pampa,154.0,167.0,183.0,7.8,15.8,PROVINCIA
2025-06-24 20:56:17,2025-06-24 17:50:00,2528,Neuquén,366.0,370.0,401.0,1.1,8.7,PROVINCIA
2025-06-24 20:56:18,2025-06-24 17:50:00,425,Provincia de Buenos Aires,2700.0,2733.0,2454.0,1.2,-10.0,REGION
2025-06-24 20:56:19,2025-06-24 17:50:00,1922,San Juan,277.0,294.0,272.0,5.8,-1.8,PROVINCIA
2025-06-24 20:56:20,2025-06-24 17:55:00,1946,Mendoza,673.0,671.0,613.0,-0.3,-9.8,PROVINCIA
2025-06-24 20:56:20,2025-06-24 17:50:00,418,NEA,1351.0,1320.0,1213.0,-2.3,-11.4,REGION
2025-06-24 20:56:21,2025-06-24 17:45:00,419,NOA,1524.0,1599.0,1393.0,4.7,-9.4,REGION
2025-06-24 20:56:22,2025-06-24 17:50:00,426,GBA,8687.0,9687.0,8225.0,10.3,-5.6,REGION
2025-06-24 20:56:23,2025-06-24 17:50:00,422,Centro,1781.0,1906.0,1663.0,6.6,-7.1,REGION
2025-06-24 20:56:24,2025-06-24 17:50:00,111,Patagonia,905.0,906.0,863.0,0.1,-4.9,REGION
2025-06-24 20:56:25,2025-06-24 17:50:00,417,Litoral,2304.0,2405.0,2265.0,4.2,-1.7,REGION
2025-06-24 20:56:25,2025-06-24 17:50:00,420,Comahue,714.0,747.0,816.0,4.4,12.5,REGION
2025-06-24 20:56:26,2025-06-24 17:50:00,429,Cuyo,957.0,973.0,889.0,1.6,-7.6,REGION
2025-06-24 20:56:27,2025-06-24 17:50:00,1002,Total del SADI,21202.0,22576.0,20096.0,6.1,-5.5,PAIS
2025-06-24 20:56:27 - Registro único
2025-06-24 21:12:58,2025-06-24 18:10:00,2426,Misiones,406.0,384.0,352.0,-5.7,-15.3,PROVINCIA
2025-06-24 21:12:58,2025-06-24 18:05:00,1893,Corrientes,413.0,417.0,358.0,1.0,-15.4,PROVINCIA
2025-06-24 21:12:59,2025-06-24 18:10:00,1892,Chaco,399.0,405.0,368.0,1.5,-8.4,PROVINCIA
2025-06-24 21:13:00,2025-06-24 18:05:00,1886,Formosa,176.0,168.0,177.0,-4.8,0.6,PROVINCIA
2025-06-24 21:13:01,2025-06-24 18:05:00,1937,Jujuy,136.0,173.0,143.0,21.4,4.9,PROVINCIA
2025-06-24 21:13:02,2025-06-24 18:05:00,1933,Salta,326.0,356.0,286.0,8.4,-14.0,PROVINCIA
2025-06-24 21:13:04,2025-06-24 18:05:00,1936,Tucumán,438.0,453.0,420.0,3.3,-4.3,PROVINCIA
2025-06-24 21:13:05,2025-06-24 18:05:00,1938,Catamarca,157.0,160.0,143.0,1.9,-9.8,PROVINCIA
2025-06-24 21:13:06,2025-06-24 18:05:00,1905,Santiago del Estero,262.0,255.0,240.0,-2.7,-9.2,PROVINCIA
2025-06-24 21:13:07,2025-06-24 18:05:00,1910,La Rioja,194.0,196.0,163.0,1.0,-19.0,PROVINCIA
2025-06-24 21:13:08,2025-06-24 18:05:00,1077,Edenor,4554.0,5066.0,4268.0,10.1,-6.7,PROVINCIA
2025-06-24 21:13:09,2025-06-24 18:05:00,1078,Edesur,3589.0,3949.0,3464.0,9.1,-3.6,PROVINCIA
2025-06-24 21:13:10,2025-06-24 18:10:00,1943,Edelap,601.0,660.0,584.0,8.9,-2.9,PROVINCIA
2025-06-24 21:13:10,2025-06-24 18:05:00,1944,San Luis,220.0,246.0,213.0,10.6,-3.3,PROVINCIA
2025-06-24 21:13:11,2025-06-24 18:10:00,1945,Córdoba,1589.0,1682.0,1489.0,5.5,-6.7,PROVINCIA
2025-06-24 21:13:12,2025-06-24 18:05:00,2543,Chubut,709.0,700.0,693.0,-1.3,-2.3,PROVINCIA
2025-06-24 21:13:13,2025-06-24 18:05:00,2542,Santa Cruz,185.0,164.0,230.0,-12.8,19.6,PROVINCIA
2025-06-24 21:13:14,2025-06-24 18:05:00,2540,Santa Fe,1903.0,1893.0,1770.0,-0.5,-7.5,PROVINCIA
2025-06-24 21:13:15,2025-06-24 18:05:00,2541,Entre Ríos,532.0,554.0,530.0,4.0,-0.4,PROVINCIA
2025-06-24 21:13:16,2025-06-24 18:05:00,2525,Río Negro,236.0,225.0,241.0,-4.9,2.1,PROVINCIA
2025-06-24 21:13:17,2025-06-24 18:05:00,427,La Pampa,179.0,176.0,188.0,-1.7,4.8,PROVINCIA
2025-06-24 21:13:17,2025-06-24 18:05:00,2528,Neuquén,368.0,368.0,420.0,0.0,12.4,PROVINCIA
2025-06-24 21:13:19,2025-06-24 18:10:00,425,Provincia de Buenos Aires,2891.0,2981.0,2665.0,3.0,-8.5,REGION
2025-06-24 21:13:19,2025-06-24 18:05:00,1922,San Juan,279.0,296.0,278.0,5.7,-0.4,PROVINCIA
2025-06-24 21:13:20,2025-06-24 18:05:00,1946,Mendoza,667.0,668.0,611.0,0.1,-9.2,PROVINCIA
2025-06-24 21:13:21,2025-06-24 18:10:00,418,NEA,1414.0,1395.0,1291.0,-1.4,-9.5,REGION
2025-06-24 21:13:22,2025-06-24 18:05:00,419,NOA,1529.0,1615.0,1420.0,5.3,-7.7,REGION
2025-06-24 21:13:23,2025-06-24 18:05:00,426,GBA,8956.0,9910.0,8517.0,9.6,-5.2,REGION
2025-06-24 21:13:24,2025-06-24 18:10:00,422,Centro,1813.0,1927.0,1711.0,5.9,-6.0,REGION
2025-06-24 21:13:25,2025-06-24 18:10:00,111,Patagonia,921.0,918.0,891.0,-0.3,-3.4,REGION
2025-06-24 21:13:26,2025-06-24 18:05:00,417,Litoral,2438.0,2449.0,2303.0,0.4,-5.9,REGION
2025-06-24 21:13:27,2025-06-24 18:10:00,420,Comahue,793.0,791.0,857.0,-0.3,7.5,REGION
2025-06-24 21:13:28,2025-06-24 18:05:00,429,Cuyo,946.0,967.0,893.0,2.2,-5.9,REGION
2025-06-24 21:13:29,2025-06-24 18:10:00,1002,Total del SADI,22168.0,23432.0,21039.0,5.4,-5.4,PAIS
2025-06-24 21:13:29 - Registro único
